id	name	website	facebook	instagram	youtube	otherSocials	imageUrl	application_id
adrian-black	Adrian Black	https://adrianblackshowman.com/			https://www.youtube.com/@Adrianblackshowman		https://images.zoogletools.com/s:bzglfiles/u/771005/ef1fcbb6bce67bb43ebb8e3f6328cc416962dc49/original/adrian-black-showman-luxury-weddings-and-events-in-europe.png/!!/b%3AW1siZXh0cmFjdCIseyJsZWZ0IjowLCJ0b3AiOjAsIndpZHRoIjoxMzY1LCJoZWlnaHQiOjc2OH1dLFsicmVzaXplIiwxMzY2XSxbIm1heCJdLFsid2UiXV0%3D/meta%3AeyJzcmNCdWNrZXQiOiJiemdsZmlsZXMifQ%3D%3D.png	swingfestivals
alberto-meucci	Alberto Meucci		https://www.facebook.com/alberto.meucci.7/	https://www.instagram.com/alberto__meucci/			https://instagram.fvlc6-1.fna.fbcdn.net/v/t51.82787-19/584352963_18538399075014829_1923635197248052638_n.jpg?stp=dst-jpg_s150x150_tt6&efg=eyJ2ZW5jb2RlX3RhZyI6InByb2ZpbGVfcGljLmRqYW5nby42NDAuYzIifQ&_nc_ht=instagram.fvlc6-1.fna.fbcdn.net&_nc_cat=101&_nc_oc=Q6cZ2gHSlmo3ihFqW5ZaoRXF9hhlrdYFMJTeNzg5A_9PZwv2YL1qFTQprC0U_O5dri-Dmrg&_nc_ohc=yhiykztB4BgQ7kNvwH7Z6ko&_nc_gid=_9nnMO9BajYkpx3wIASEVw&edm=APoiHPcBAAAA&ccb=7-5&oh=00_Af5C9JbMz8JCMm6M_hTa5WvG4lT2k9NLGBcfhMs-aQ-7lA&oe=69FC17B9&_nc_sid=22de04	swingfestivals
alexandros-velenzas	Alexandros Velenzas			https://www.instagram.com/alex.vltz/			https://instagram.fvlc6-1.fna.fbcdn.net/v/t51.2885-19/350462772_642832943961722_4415835510159714007_n.jpg?stp=dst-jpg_s150x150_tt6&efg=eyJ2ZW5jb2RlX3RhZyI6InByb2ZpbGVfcGljLmRqYW5nby45NTIuYzIifQ&_nc_ht=instagram.fvlc6-1.fna.fbcdn.net&_nc_cat=102&_nc_oc=Q6cZ2gG33h8oj08uCM1d6LlEDWVxG3ES9gpSE0C6pexecQyFeU2wyz_R-u1bD4zsy5dZOcU&_nc_ohc=9H7j_TIG7NcQ7kNvwEXPKe1&_nc_gid=gZOEjVAWgOLNP5_XK9aCbg&edm=APoiHPcBAAAA&ccb=7-5&oh=00_Af4sexSTlHaF7OUJArzWW8R9bhD039ixKEISMNgALprRXw&oe=69FC1118&_nc_sid=22de04	swingfestivals
amanda-pincock	Amanda Pincock		https://www.facebook.com/amanda.pincock	https://www.instagram.com/pcvamanda/			https://instagram.fvlc6-1.fna.fbcdn.net/v/t51.2885-19/13320078_1727175150892505_1908836314_a.jpg?stp=dst-jpg_s150x150_tt6&efg=eyJ2ZW5jb2RlX3RhZyI6InByb2ZpbGVfcGljLmRqYW5nby45OTkuYzIifQ&_nc_ht=instagram.fvlc6-1.fna.fbcdn.net&_nc_cat=105&_nc_oc=Q6cZ2gHFrqEWdhrk1e-OIbW9jbB3yNR8Ve0pPdwiIHhm4YSRJrwGmfuanMO7D7j_oTy1kXo&_nc_ohc=EkIiUtSs-sUQ7kNvwHTy0W0&_nc_gid=eM9qG4klXhjjgXZgbvCEjg&edm=ALGbJPMBAAAA&ccb=7-5&oh=00_Af7kaWSXZy60GelK_InFP_GKewmywslEXeW4PXR1xxWDYg&oe=69FC0983&_nc_sid=7d3ac5	swingfestivals
ana-maeso	Ana Maeso		https://www.facebook.com/anamaesoarana/about/?_rdr	https://www.instagram.com/nutriadelmonte/			https://instagram.fvlc6-1.fna.fbcdn.net/v/t51.82787-19/642478740_18530551828070768_8733420877286459644_n.jpg?stp=dst-jpg_s150x150_tt6&efg=eyJ2ZW5jb2RlX3RhZyI6InByb2ZpbGVfcGljLmRqYW5nby4xMDgwLmMyIn0&_nc_ht=instagram.fvlc6-1.fna.fbcdn.net&_nc_cat=108&_nc_oc=Q6cZ2gEd_dqvbwdLZGRelpcrRTQqmgaKyuKphdOV4T_5bJ4iMtcEbE3ct8MwwRcQIB_evC4&_nc_ohc=6HR95jnT9FAQ7kNvwFB1EhM&_nc_gid=ljBTdCY8zuAXLx2SZsQYNA&edm=AP4sbd4BAAAA&ccb=7-5&oh=00_Af7CB-K2qSD4-t-Do8OgLMfbyFpj4pzpIaDJWqq5uaG8YQ&oe=69FBE82B&_nc_sid=7a9f4b	swingfestivals
anais-nguyen-the	Anaïs Nguyen Thé	https://nguyentheanais.wixsite.com/anais-swing-blues?utm_source=ig&utm_medium=social&utm_content=link_in_bio&fbclid=PAZXh0bgNhZW0CMTEAc3J0YwZhcHBfaWQMMjU2MjgxMDQwNTU4AAGnAEKGxuK-AspxC5wTPxyqGzC9WsOqHYK7rqFwCZo4f7pvNa-8d7rZ75y8axY_aem_sXQK4q9Ofvq3qKiPQOqg5Q		https://www.instagram.com/anaisnguyenthe/			https://instagram.fvlc6-1.fna.fbcdn.net/v/t51.2885-19/479676281_942120957678488_6649434775581905422_n.jpg?stp=dst-jpg_s150x150_tt6&efg=eyJ2ZW5jb2RlX3RhZyI6InByb2ZpbGVfcGljLmRqYW5nby4xMDgwLmMyIn0&_nc_ht=instagram.fvlc6-1.fna.fbcdn.net&_nc_cat=108&_nc_oc=Q6cZ2gFU_bO3loZ0bySGUnp-vLBA9GhLmoTOfyUQqG-CsVLNqUwZChWMu81bx5DzXu8k8rs&_nc_ohc=cV9yfs62R4IQ7kNvwENGUa_&_nc_gid=Zp503Fm6Vnxfq7dpwIxJZA&edm=APoiHPcBAAAA&ccb=7-5&oh=00_Af7ZM9RcVa8G-7SLzRSycz1XuCtQg6iV9QuDHK5F7PRx6w&oe=69FBEB5E&_nc_sid=22de04	swingfestivals
anders-silhberg	Anders Silhberg			https://www.instagram.com/anderssihlberg/	https://www.youtube.com/playlist?list=PLqfJbTjPE6ojxA55ZGLb2DeQjSzy7L2e6		https://instagram.fvlc6-1.fna.fbcdn.net/v/t51.82787-19/645842714_17958338799065114_721363764071579696_n.jpg?stp=dst-jpg_s150x150_tt6&efg=eyJ2ZW5jb2RlX3RhZyI6InByb2ZpbGVfcGljLmRqYW5nby4xMDgwLmMyIn0&_nc_ht=instagram.fvlc6-1.fna.fbcdn.net&_nc_cat=102&_nc_oc=Q6cZ2gHkCETmwhrWUPz9IWH7IfnF3jbG_GwXwdKT_SknWCtkSGGu11B4NdfUAG8cW8yfdnE&_nc_ohc=C-pZYdLmb74Q7kNvwH9C_U5&_nc_gid=lXj5gNnt9g-DG5qZ-NcRVQ&edm=APoiHPcBAAAA&ccb=7-5&oh=00_Af5xtHfCQW_KM8Hj88NOyVBPKeEbBusj4A1gH86pBYbkCQ&oe=69FC0694&_nc_sid=22de04	swingfestivals
anouk-chipault-le-guennec	Anouk Chipault Le Guennec			https://www.instagram.com/anouk.cl/			https://instagram.fvlc6-2.fna.fbcdn.net/v/t51.2885-19/434397314_1527493841141583_7809630173011782318_n.jpg?stp=dst-jpg_s150x150_tt6&efg=eyJ2ZW5jb2RlX3RhZyI6InByb2ZpbGVfcGljLmRqYW5nby4xMDgwLmMyIn0&_nc_ht=instagram.fvlc6-2.fna.fbcdn.net&_nc_cat=103&_nc_oc=Q6cZ2gEz28NVw11A5v3MRHF0oQyUu9_yFBuojs_UlSokgs-qeaH36VphO74NKu5S1Ou35gI&_nc_ohc=X7d2b6wS5d0Q7kNvwEcENNx&_nc_gid=IDmjVbHibOUkbaX6lJJDHw&edm=APoiHPcBAAAA&ccb=7-5&oh=00_Af43dfbffremHiY-MTAw6m1r7HbWw96ZS3wFKDTBJBqMAg&oe=69FC00F4&_nc_sid=22de04	swingfestivals
ari	Ari	https://ariandsimon.com/	https://www.facebook.com/ariandsimon/	https://www.instagram.com/ariandsimon/	https://www.youtube.com/@ariandsimon		https://ariandsimon.com/wp-content/uploads/2021/08/200308_SimonyAri_1699.jpg	swingfestivals
ariadne-beltran	Ariadne Beltran			https://www.instagram.com/ariadna.ba/		https://es.linkedin.com/in/ariadna-beltran-4b5ba491	https://instagram.fvlc6-2.fna.fbcdn.net/v/t51.2885-19/318604960_1778695289167090_4508794592180322538_n.jpg?stp=dst-jpg_s150x150_tt6&efg=eyJ2ZW5jb2RlX3RhZyI6InByb2ZpbGVfcGljLmRqYW5nby4xMDgwLmMyIn0&_nc_ht=instagram.fvlc6-2.fna.fbcdn.net&_nc_cat=110&_nc_oc=Q6cZ2gEq0unnMBmaWGlWcOyn-ePG0d47ppQhqjaMt0q8kWikmZvZMqz9cV6d14N0P4oPGsY&_nc_ohc=nvzJtyI5nawQ7kNvwFB1HrI&_nc_gid=otNeALjAN6HCmj3d-YcbiA&edm=APoiHPcBAAAA&ccb=7-5&oh=00_Af5n5fqO14pfFyBc-0qtqti4MpVVQ7Co42cqV-b_Hmhs8w&oe=69FC08BF&_nc_sid=22de04	swingfestivals
ariel-lacey	Ariel Lacey	https://www.arielamirlacey.com/		https://www.instagram.com/arielamirlacey/		https://www.tiktok.com/@ariel.lacey	https://instagram.fvlc6-2.fna.fbcdn.net/v/t51.82787-19/661597905_18420894604125343_1948029540588111862_n.jpg?stp=dst-jpg_s150x150_tt6&efg=eyJ2ZW5jb2RlX3RhZyI6InByb2ZpbGVfcGljLmRqYW5nby42NDAuYzIifQ&_nc_ht=instagram.fvlc6-2.fna.fbcdn.net&_nc_cat=107&_nc_oc=Q6cZ2gFT6rkjEDI0I22-Hu7vywjcyLEj8xeQV-e-fpkSGAhncJmZtjj5adfuMO4jICLe6KU&_nc_ohc=_3GBbVOX2SUQ7kNvwFIZzkB&_nc_gid=YsWD9du4i7a2-hQHglCKkQ&edm=ALGbJPMBAAAA&ccb=7-5&oh=00_Af58m355N76U3LaTmUqSRsZ1M9d7_0rpg8Iyw8e7KbT2_w&oe=69FBE90E&_nc_sid=7d3ac5	swingfestivals
ben-todd	Ben Todd		https://www.facebook.com/benben8it/	https://www.instagram.com/bentoddart/			https://instagram.fvlc6-2.fna.fbcdn.net/v/t51.2885-19/119923025_242153227207834_5384086391701639848_n.jpg?stp=dst-jpg_s150x150_tt6&efg=eyJ2ZW5jb2RlX3RhZyI6InByb2ZpbGVfcGljLmRqYW5nby4xMDgwLmMyIn0&_nc_ht=instagram.fvlc6-2.fna.fbcdn.net&_nc_cat=110&_nc_oc=Q6cZ2gH3dv-Pt2ev7sPLGA9TqKcVeRXC7Nb4pBfAIQ-XNwnI7GDtr6ZJjGVxfbOWrB-w6c0&_nc_ohc=BReUjtJb92kQ7kNvwEc13yw&_nc_gid=Dzamrv5DAKCXdisTv3ThBw&edm=APoiHPcBAAAA&ccb=7-5&oh=00_Af7fkh7EX9pxcZcD4bht_tL7f7O47CNmqWivFhojzEJDxA&oe=69FC19E8&_nc_sid=22de04	swingfestivals
ben-white	Ben White	http://www.benwhitedance.com/		https://www.instagram.com/lindyhopping/			https://swingnsail.com/wp-content/uploads/2018/12/ben-white-1.jpg	swingfestivals
berta-claparols	Berta Claparols			https://www.instagram.com/berta_claparols/			https://instagram.fvlc6-2.fna.fbcdn.net/v/t51.82787-19/544918819_18523374583050430_4243882446368509581_n.jpg?stp=dst-jpg_s150x150_tt6&efg=eyJ2ZW5jb2RlX3RhZyI6InByb2ZpbGVfcGljLmRqYW5nby4xMDgwLmMyIn0&_nc_ht=instagram.fvlc6-2.fna.fbcdn.net&_nc_cat=110&_nc_oc=Q6cZ2gHOGM52WiQeV56L41aKCuWTy7dxHnxiOvTUkNu7qcVP5pCI4EO14G8vu9_4shLLMD8&_nc_ohc=xGSyBonwVwoQ7kNvwE98Mqp&_nc_gid=BNkPgWs9nYRrx9kxRSa0yg&edm=AP4sbd4BAAAA&ccb=7-5&oh=00_Af5MM9vFnE1gHvU1-B4DFTEig3lM3GD09bo1GRYA5cKiZw&oe=69FC16B7&_nc_sid=7a9f4b	swingfestivals
bianca	Bianca	https://www.nilsandbianca.com/	https://www.facebook.com/biancaandnils/	https://www.instagram.com/nilsandbianca/	https://www.youtube.com/c/NilsandBianca		https://instagram.fvlc6-1.fna.fbcdn.net/v/t51.2885-19/300758254_786731785786016_8309756656877750004_n.jpg?stp=dst-jpg_s150x150_tt6&efg=eyJ2ZW5jb2RlX3RhZyI6InByb2ZpbGVfcGljLmRqYW5nby4xMDgwLmMyIn0&_nc_ht=instagram.fvlc6-1.fna.fbcdn.net&_nc_cat=108&_nc_oc=Q6cZ2gFMyo5817X8cHuzvCrTaGbUH1qlXqIivU8-eazHgSKPXkE_aYZkNagY3n6ZNC97i_s&_nc_ohc=wFs7QyS_85EQ7kNvwFTEIjg&_nc_gid=XYacR1V8Ru3n7jJSmtde_Q&edm=APoiHPcBAAAA&ccb=7-5&oh=00_Af7PSVfkK0Z55f8HRjWnOfSMnAjb4X4h-hmN4NGy-QynJA&oe=69FC03E3&_nc_sid=22de04	swingfestivals
bic	Bic			https://www.instagram.com/lindyclub/			https://instagram.fvlc6-1.fna.fbcdn.net/v/t51.2885-19/46005728_378372789390289_782780351159205888_n.jpg?stp=dst-jpg_s150x150_tt6&efg=eyJ2ZW5jb2RlX3RhZyI6InByb2ZpbGVfcGljLmRqYW5nby42NDAuYzIifQ&_nc_ht=instagram.fvlc6-1.fna.fbcdn.net&_nc_cat=101&_nc_oc=Q6cZ2gFDmx9phBVOvYHmiYxvpO42XvmZg44Fv6EIxzS4ZFDvBPjUZL7B5D3W2ftxlVQKxhQ&_nc_ohc=kSj2tton0VoQ7kNvwGlMM5S&_nc_gid=WKhZhKqjFgMdRwvi1dg_PA&edm=APoiHPcBAAAA&ccb=7-5&oh=00_Af6__o7oVqpQ0_7c43afqdgSmhQQR9Ocs5bQBOyt95euCQ&oe=69FC0874&_nc_sid=22de04	swingfestivals
boris-naumann	Boris Naumann	https://www.borisnaumann.de/virtual-lindy-hop-tour/		https://www.instagram.com/borisnaumann_swingtanzcoach/	https://www.youtube.com/@borisnaumann-swingtanzcoach		https://instagram.fvlc6-2.fna.fbcdn.net/v/t51.2885-19/257798173_394715792346453_6421593207608376146_n.jpg?stp=dst-jpg_s150x150_tt6&efg=eyJ2ZW5jb2RlX3RhZyI6InByb2ZpbGVfcGljLmRqYW5nby4xMDExLmMyIn0&_nc_ht=instagram.fvlc6-2.fna.fbcdn.net&_nc_cat=109&_nc_oc=Q6cZ2gHPta3EySWO6CGlMdxSkouku5emz14ETOosIUpcOJqjRxQFs-dHrJqxZhOd7XhNHa0&_nc_ohc=idn54s90jy8Q7kNvwEe3D8X&_nc_gid=HbjyKjgWSzBEQYzik9x-Gw&edm=ALGbJPMBAAAA&ccb=7-5&oh=00_Af4GUPSbC8p65VljvcQFYXtOW6D4uUqagRJXWKNkly7aNA&oe=69FC19B1&_nc_sid=7d3ac5	swingfestivals
cara-held	Cara Held	https://www.heartlandswing.com/about					https://cdn.prod.website-files.com/666c82c89e95a5d22bcfeddf/679030e5423ec9fd832cc150_carainstructorsquare1000.jpg	swingfestivals
cati	Cati	https://linktr.ee/cati.gentili	https://www.facebook.com/profile.php?id=100072033428742	https://www.instagram.com/cati.gentili/			https://instagram.fvlc6-1.fna.fbcdn.net/v/t51.2885-19/483610846_2465523727120724_1177339063736420714_n.jpg?stp=dst-jpg_s150x150_tt6&efg=eyJ2ZW5jb2RlX3RhZyI6InByb2ZpbGVfcGljLmRqYW5nby4xMDgwLmMyIn0&_nc_ht=instagram.fvlc6-1.fna.fbcdn.net&_nc_cat=108&_nc_oc=Q6cZ2gGkYuRkc2TJQWPhEJqa23QAXHFDTRamtIycNru1mPS0ozgebrhSJbHpg5l1GB564BY&_nc_ohc=wxcXv9YrpwcQ7kNvwHjpTIw&_nc_gid=gdhv7x1PPfu5gwlzNXPnYg&edm=APoiHPcBAAAA&ccb=7-5&oh=00_Af610JfjGsLavFh-P1yJN1f3OFa4FIwKu_XNDPnPMh64gw&oe=69FC0C39&_nc_sid=22de04	swingfestivals
claudia-fonte	Claudia Fonte	https://lajambarcelona.com/ca/artists/claudia-fonte/		https://www.instagram.com/laclaudiafonte/			https://instagram.fvlc6-2.fna.fbcdn.net/v/t51.82787-19/683551746_18433381282184014_8174208454605802758_n.jpg?stp=dst-jpg_s150x150_tt6&efg=eyJ2ZW5jb2RlX3RhZyI6InByb2ZpbGVfcGljLmRqYW5nby4zMjAuZXhwZXJpbWVudGFsIn0&_nc_ht=instagram.fvlc6-2.fna.fbcdn.net&_nc_cat=110&_nc_oc=Q6cZ2gFLAbC8GkW3Ni68BMze7I8QKE1eFNjK4eOi1lcyaQZNOFq5YZPOZrFE3xNsgqG8dDM&_nc_ohc=hZV-SzvL4LIQ7kNvwHcQmqs&_nc_gid=fwNCIZ5VM044gI5E4n2pYw&edm=AP4sbd4BAAAA&ccb=7-5&oh=00_Af7jRO6Wwq9sOIXorOWiIWy4hAprez1Jd9pJFX4FGXbu0A&oe=69FBF07B&_nc_sid=7a9f4b	swingfestivals
cora-stein	Cora Stein			https://www.instagram.com/corastein/			https://instagram.fvlc6-1.fna.fbcdn.net/v/t51.2885-19/104249404_785116545226382_7529661943963269440_n.jpg?stp=dst-jpg_s150x150_tt6&efg=eyJ2ZW5jb2RlX3RhZyI6InByb2ZpbGVfcGljLmRqYW5nby4xMDgwLmMyIn0&_nc_ht=instagram.fvlc6-1.fna.fbcdn.net&_nc_cat=102&_nc_oc=Q6cZ2gEiPyP5T2gpE3AvLCngM8--AAyG2JG6ACU7mVlsBCt-13dA1t00Bw8ImMHWRwAKIP0&_nc_ohc=zgtS34JRe9oQ7kNvwHBeN2r&_nc_gid=zDPq7NmX-H6eMzFP78Av2g&edm=APoiHPcBAAAA&ccb=7-5&oh=00_Af5DfIh2DCNm0BH5Ayp9RMdHomM4EqDVdEV0Ql5KVP-s3w&oe=69FC0B90&_nc_sid=22de04	swingfestivals
daniel-velkov	Daniel Velkov	https://swinginthebay.com/artist/daniel-velkov-velislava-velkova/					https://swinginthebay.com/wp-content/uploads/2022/12/Daniel-Velkov-Velislava-Velkova.jpg	swingfestivals
daniil-nikulin	Daniil Nikulin		https://www.facebook.com/jazzdaniil/		https://www.youtube.com/playlist?list=PLa9qLfUYYSZNO2FwMR29NQwi6qVwDhkHW		https://scontent.fvlc6-2.fna.fbcdn.net/v/t39.30808-1/486819125_1424549812231531_2964873622895822072_n.jpg?stp=c0.69.1365.1364a_dst-jpg_s480x480_tt6&_nc_cat=103&ccb=1-7&_nc_sid=2d3e12&_nc_ohc=0CpF2BjR9fwQ7kNvwG3N1oJ&_nc_oc=Adov44PaXSzNPE7_R62TlqBGpM52rLkjUKbXsRBxqOAbJM3BsbYSkZmWezDdlglA7AU&_nc_zt=24&_nc_ht=scontent.fvlc6-2.fna&_nc_gid=Vbr0koXpZlYTOP6BGNzN4A&_nc_ss=7b2a8&oh=00_Af67exFVYw9A-EhE8g0-UXAlGaTa5EGHGR-BPIRzjbjS0g&oe=69FC17F4	swingfestivals
david	David							swingfestivals
dirk	Dirk			https://www.instagram.com/lemohawk/			https://instagram.fvlc6-2.fna.fbcdn.net/v/t51.2885-19/13651685_202724930125378_866441368_a.jpg?stp=dst-jpg_s150x150_tt6&efg=eyJ2ZW5jb2RlX3RhZyI6InByb2ZpbGVfcGljLmRqYW5nby4yMDAuYzIifQ&_nc_ht=instagram.fvlc6-2.fna.fbcdn.net&_nc_cat=110&_nc_oc=Q6cZ2gHvw-5b058OuUpksN85IaHYebsgzeci4rN4rUhoox5sOL5VidxwkbmErkTYb3cJDdE&_nc_ohc=DcoBU3gpCm0Q7kNvwG4mN-N&_nc_gid=HO-CdJ5rNMJJOH6vXZ2Y2g&edm=APoiHPcBAAAA&ccb=7-5&oh=00_Af5nUIJK0BTpIneT3t4UEjKfiJiPjK9ndWyRymvJggrvOw&oe=69FBF884&_nc_sid=22de04	swingfestivals
edmilson	Edmilson			https://www.instagram.com/edmilsonb0telho/			https://instagram.fvlc6-2.fna.fbcdn.net/v/t51.2885-19/301905857_1449548492232346_7068574153120129194_n.jpg?stp=dst-jpg_s150x150_tt6&efg=eyJ2ZW5jb2RlX3RhZyI6InByb2ZpbGVfcGljLmRqYW5nby4xMDgwLmMyIn0&_nc_ht=instagram.fvlc6-2.fna.fbcdn.net&_nc_cat=110&_nc_oc=Q6cZ2gGudfCdEP3SPOzM1dvil3PZBRXipCB9fp9atGG_NvbeM3O2sMD2gmBneU3EDLGyvwk&_nc_ohc=4npyuRsI3z4Q7kNvwGdBLNP&_nc_gid=MecwNzuAMuyfgd091WB8jA&edm=APoiHPcBAAAA&ccb=7-5&oh=00_Af5IjIpK6UW2Btt89uQJmvO_tdpl14n4yQ8gUVckGK1Fyw&oe=69FC1444&_nc_sid=22de04	swingfestivals
edmilson-botelho	Edmilson Botelho			https://www.instagram.com/edmilsonb0telho/			https://instagram.fvlc6-2.fna.fbcdn.net/v/t51.2885-19/301905857_1449548492232346_7068574153120129194_n.jpg?stp=dst-jpg_s150x150_tt6&efg=eyJ2ZW5jb2RlX3RhZyI6InByb2ZpbGVfcGljLmRqYW5nby4xMDgwLmMyIn0&_nc_ht=instagram.fvlc6-2.fna.fbcdn.net&_nc_cat=110&_nc_oc=Q6cZ2gGudfCdEP3SPOzM1dvil3PZBRXipCB9fp9atGG_NvbeM3O2sMD2gmBneU3EDLGyvwk&_nc_ohc=4npyuRsI3z4Q7kNvwGdBLNP&_nc_gid=MecwNzuAMuyfgd091WB8jA&edm=APoiHPcBAAAA&ccb=7-5&oh=00_Af5IjIpK6UW2Btt89uQJmvO_tdpl14n4yQ8gUVckGK1Fyw&oe=69FC1444&_nc_sid=22de04	swingfestivals
elice	Elice Fällström			https://www.instagram.com/elicefllstrm/			https://instagram.fvlc6-2.fna.fbcdn.net/v/t51.82787-19/618149498_18088519514081457_2393143195713802870_n.jpg?stp=dst-jpg_s150x150_tt6&efg=eyJ2ZW5jb2RlX3RhZyI6InByb2ZpbGVfcGljLmRqYW5nby41MzQuYzIifQ&_nc_ht=instagram.fvlc6-2.fna.fbcdn.net&_nc_cat=109&_nc_oc=Q6cZ2gF-FHP-u48djfMkTd7JnjvjxSczRqwZwAw8jd9UyeBQ-hxS724VlehwKbxT2o6IUnw&_nc_ohc=52WsTRLBW8wQ7kNvwFZuGdg&_nc_gid=iLYvd8dAbc6vtZlvaT6WAA&edm=APoiHPcBAAAA&ccb=7-5&oh=00_Af6pmAtXqbzRY17jPnnwmNkNFGeSSBdrROWS89qVgMs7qw&oe=69FC0856&_nc_sid=22de04	swingfestivals
elze-visnevskyte	Elze Visnevskyte	https://linktr.ee/onaelze		https://www.instagram.com/onaelze/			https://instagram.fvlc6-2.fna.fbcdn.net/v/t51.2885-19/278820520_697155938167911_5016733241981830390_n.jpg?stp=dst-jpg_s150x150_tt6&efg=eyJ2ZW5jb2RlX3RhZyI6InByb2ZpbGVfcGljLmRqYW5nby4xMDgwLmMyIn0&_nc_ht=instagram.fvlc6-2.fna.fbcdn.net&_nc_cat=103&_nc_oc=Q6cZ2gHKrhmeWb-EqmWYgHZkDzDldGHYmYp4lJej4o5RoNZfslixpxGDDyyKhVjhKcatLDI&_nc_ohc=S6re5RKrXp8Q7kNvwEVx8qg&_nc_gid=PdqVIGt1XxGaQHWjN9uo6A&edm=AP4sbd4BAAAA&ccb=7-5&oh=00_Af4OViWiDFvIqLKlcmXNw2FMQD_Xv-4HSB5YfWK84X7f8g&oe=69FC23D4&_nc_sid=7a9f4b	swingfestivals
fabien-vrillon	Fabien Vrillon			https://www.instagram.com/fabien_vrillon/			https://instagram.fvlc6-2.fna.fbcdn.net/v/t51.2885-19/80593641_729490300876695_4860707689673523200_n.jpg?stp=dst-jpg_s150x150_tt6&efg=eyJ2ZW5jb2RlX3RhZyI6InByb2ZpbGVfcGljLmRqYW5nby4xMDgwLmMyIn0&_nc_ht=instagram.fvlc6-2.fna.fbcdn.net&_nc_cat=103&_nc_oc=Q6cZ2gGb2gAbLft1L74A_RfhI9kf86QVG9h1_tyCNdG2AEnvL4eg8p5GkUSQEMqYoRWgmZg&_nc_ohc=TswvMKJN0BEQ7kNvwExNsbK&_nc_gid=ZXKCk2fiPn8SakG4t_VJCw&edm=APoiHPcBAAAA&ccb=7-5&oh=00_Af7HCo6iVJg1C2iccW4JpU9jhQxB7LWlwRRDWW5roJ7RWg&oe=69FC03FE&_nc_sid=22de04	swingfestivals
flora	Flora			https://www.instagram.com/thorbjorn.flora/	youtu.be/XYrwHD124ss?si=dJlEJRz9dFIEPze7		https://instagram.fvlc6-1.fna.fbcdn.net/v/t51.2885-19/331875075_583895250285152_6013408245725075816_n.jpg?stp=dst-jpg_s150x150_tt6&efg=eyJ2ZW5jb2RlX3RhZyI6InByb2ZpbGVfcGljLmRqYW5nby44MDEuYzIifQ&_nc_ht=instagram.fvlc6-1.fna.fbcdn.net&_nc_cat=108&_nc_oc=Q6cZ2gGq2pQCUPpMpWHCNF7iR7b5ohXtmpGs4mFCDGQDYkj7-C4fE5GZ3AVhacqu-6EUfrQ&_nc_ohc=CXMVFAiLGx0Q7kNvwHFSX9M&_nc_gid=IByRJejloc60SfvfFxrfVQ&edm=APoiHPcBAAAA&ccb=7-5&oh=00_Af4B_7-TVYTRTk3v9w75Hidim2CuE66mufkwBHM2lcnf5w&oe=69FBEDB5&_nc_sid=22de04	swingfestivals
fredrik-dahlberg	Fredrik Dahlberg			https://www.instagram.com/fredrik.brev2018/			https://instagram.fvlc6-2.fna.fbcdn.net/v/t51.2885-19/272770142_1268777113605891_913093114227139137_n.jpg?stp=dst-jpg_s150x150_tt6&efg=eyJ2ZW5jb2RlX3RhZyI6InByb2ZpbGVfcGljLmRqYW5nby43NTAuYzIifQ&_nc_ht=instagram.fvlc6-2.fna.fbcdn.net&_nc_cat=103&_nc_oc=Q6cZ2gEwbIinWrmG3iYfVi7sPcFzvaVPEZXN2sRPg3TDpuv46PS8658Wt2eNq0ROgF5dunc&_nc_ohc=Hqcj7bDg9JYQ7kNvwHvhica&_nc_gid=ZkLDtGSbQcdc7yBHJLkHQQ&edm=ALGbJPMBAAAA&ccb=7-5&oh=00_Af61pIdO9l6yOwUdeXecajB9FmyIXyavbyWbi1wlsU8skw&oe=69FC221A&_nc_sid=7d3ac5	swingfestivals
frida-segerdahl	Frida Segerdahl			https://www.instagram.com/frida.segerdahl/			https://instagram.fvlc6-2.fna.fbcdn.net/v/t51.2885-19/53647194_444891526251179_2718482395903819776_n.jpg?stp=dst-jpg_s150x150_tt6&efg=eyJ2ZW5jb2RlX3RhZyI6InByb2ZpbGVfcGljLmRqYW5nby4xMDgwLmMyIn0&_nc_ht=instagram.fvlc6-2.fna.fbcdn.net&_nc_cat=111&_nc_oc=Q6cZ2gE_6O616rwmgC1qkZx60rA9fvpSSpfx2fDVv29hlPqpf8jrhC99WebnyAQcO6m_nHc&_nc_ohc=FJziXr25HbkQ7kNvwFpV7F1&_nc_gid=CKxsnveCOb0nb94_O785iQ&edm=APoiHPcBAAAA&ccb=7-5&oh=00_Af5DRo1KExbycix5JQ4VINvrwdjFZk2NKrppgc4vfb512A&oe=69FC08A0&_nc_sid=22de04	swingfestivals
hector-artal	Hector Artal			https://www.instagram.com/jazzhectorandsonia/			https://instagram.fvlc6-2.fna.fbcdn.net/v/t51.82787-19/575214109_18537029899050147_8895571418164611015_n.jpg?stp=dst-jpg_s150x150_tt6&efg=eyJ2ZW5jb2RlX3RhZyI6InByb2ZpbGVfcGljLmRqYW5nby4xMDgwLmMyIn0&_nc_ht=instagram.fvlc6-2.fna.fbcdn.net&_nc_cat=103&_nc_oc=Q6cZ2gE4KsaL9lrBSA1A0pDRyfAbgHFPCIYSCs8TPcq3uMgu_3isLBbU4B6HvVwDChG1i90&_nc_ohc=vLTJzh-_qygQ7kNvwHq8BsY&_nc_gid=ictWU-pCXL3hnHNEFIWWIg&edm=APoiHPcBAAAA&ccb=7-5&oh=00_Af6AvROqrqw7YcA5EcvS45kVe56ltXHkidnXpYJkJF7uhA&oe=69FCE8D6&_nc_sid=22de04	swingfestivals
his-old-school	Professor Cunningham And His Old School	https://professorcunningham.bandcamp.com/album/professor-cunningham-and-his-old-school				https://open.spotify.com/intl-es/album/0b9OFAqNhI8dbc8DcXrdFU	https://f4.bcbits.com/img/a2964434955_2.jpg	swingfestivals
his-rhythm-combo	Martin Buguez & His Rhythm Combo	https://martinburguez.com/		https://www.instagram.com/martinburguezandhisrhythmcombo/			https://instagram.fvlc6-2.fna.fbcdn.net/v/t51.2885-19/469296680_423349857376257_689288371057697307_n.jpg?stp=dst-jpg_s150x150_tt6&efg=eyJ2ZW5jb2RlX3RhZyI6InByb2ZpbGVfcGljLmRqYW5nby4xMDgwLmMyIn0&_nc_ht=instagram.fvlc6-2.fna.fbcdn.net&_nc_cat=109&_nc_oc=Q6cZ2gGSHyKsoa7e9E5nDq4m84-cZ5YSE9hKhJY8gi6q7sbn3yNGrWBvv58je0jOOymNYZs&_nc_ohc=L44eAAra8n0Q7kNvwHbMeTg&_nc_gid=aCQsavmaXWRYXz41NxRVkw&edm=APoiHPcBAAAA&ccb=7-5&oh=00_Af6HgW8UJGw-B3TK8YgZFxQIxaRbrIZ2Tgcueg4kEpXGiw&oe=69FCD1A8&_nc_sid=22de04	swingfestivals
hyunjung-choi	Hyunjung Choi			https://www.instagram.com/hyunjung_rabbit/			https://instagram.fvlc6-2.fna.fbcdn.net/v/t51.2885-19/239745448_915959819266051_6329773607055918296_n.jpg?stp=dst-jpg_s150x150_tt6&efg=eyJ2ZW5jb2RlX3RhZyI6InByb2ZpbGVfcGljLmRqYW5nby4xMDgwLmMyIn0&_nc_ht=instagram.fvlc6-2.fna.fbcdn.net&_nc_cat=107&_nc_oc=Q6cZ2gFTjF-VszY2P7EQRpNUA96ZLlQGN1RZVJWAd50MSFi9foVq1hmUahnps_1zmFyF4J4&_nc_ohc=6PJ7FBGmB9cQ7kNvwEfYciL&_nc_gid=-u6CcSOXVobfiC0Qz1QohQ&edm=APoiHPcBAAAA&ccb=7-5&oh=00_Af74Oej6X3UQc6pYIQtEC7GltnJtBRX74F_dDTSuGbpHjw&oe=69FCD364&_nc_sid=22de04	swingfestivals
iby	Iby			https://www.instagram.com/ibysinn/			https://instagram.fvlc6-1.fna.fbcdn.net/v/t51.2885-19/446832441_269862756153368_7165250740121354735_n.jpg?stp=dst-jpg_s150x150_tt6&efg=eyJ2ZW5jb2RlX3RhZyI6InByb2ZpbGVfcGljLmRqYW5nby4xMDAwLmMyIn0&_nc_ht=instagram.fvlc6-1.fna.fbcdn.net&_nc_cat=108&_nc_oc=Q6cZ2gGj2Z_mjssZJNjGohZsBkaXtDqRxM7qFoKyrr2vHp4W7BvBA2OKEfzNquXZD3xdpGY&_nc_ohc=NQZJyUN_8REQ7kNvwE_57CN&_nc_gid=A1Ir-UXTm3hLYR8RoSlkLA&edm=APoiHPcBAAAA&ccb=7-5&oh=00_Af6XBLG9LVvXqM7SvCE6rvBwBLcAPkDXdYnMsDZA2zaKvQ&oe=69FCCA2B&_nc_sid=22de04	swingfestivals
jean-charles-joyss	Jean Charles Joyss	https://swinginthebay.com/artist/jean-charles-aka-joyss/		https://www.instagram.com/jeancharleszambo/			https://instagram.fvlc6-1.fna.fbcdn.net/v/t51.82787-19/553534325_18309435310217876_4447335703764723018_n.jpg?stp=dst-jpg_s150x150_tt6&efg=eyJ2ZW5jb2RlX3RhZyI6InByb2ZpbGVfcGljLmRqYW5nby44NTcuYzIifQ&_nc_ht=instagram.fvlc6-1.fna.fbcdn.net&_nc_cat=108&_nc_oc=Q6cZ2gF8n1cVpPXUs9SOqIUqtfWR4m3_Mg042wHc6Ho2Ky6R5APFPxFZUxVJ9N8vSwBgUz8&_nc_ohc=zlSmCB-i5vEQ7kNvwE1rvp6&_nc_gid=PLipLu8n49ZaFSWq6AbxhA&edm=APoiHPcBAAAA&ccb=7-5&oh=00_Af5zGtS1SVXgLBJL6Fwq5jA1rDHnWGRX0ZrIa94WLPCheA&oe=69FCF5F3&_nc_sid=22de04	swingfestivals
jenia-salakhutdinova	Jenia Salakhutdinova						https://lirp.cdn-website.com/e774b2e4/dms3rep/multi/opt/A7403721-d623b391-1920w.jpg	swingfestivals
jennifer-barnett	Jennifer Barnett					https://www.youtube.com/playlist?app=desktop&list=PLAP2XvCu0gv_zNa_1A1SdEwM76CbB-MBN	https://www.greatlakesbalboaescape.com/wp-content/uploads/2024/05/Screenshot-2023-12-15-084538-Jennifer-Barnett.png	swingfestivals
jennifer-lee	Jennifer Lee	https://www.therealjenniferlee/		https://www.instagram.com/therealjenniferjlee/	https://www.youtube.com/c/JenniferLeedance/videos		https://media.bio.site/sites/3d3673ca-a0e5-463a-9b4a-e9f0756195bb/2mauN8YDF2U4bvHYxkqJxN.png	swingfestivals
jeremy-otth	Jeremy Otth			https://www.instagram.com/jeremyotth/			https://instagram.fvlc6-1.fna.fbcdn.net/v/t51.2885-19/440243959_1387870171930465_6737973064908182917_n.jpg?stp=dst-jpg_s150x150_tt6&efg=eyJ2ZW5jb2RlX3RhZyI6InByb2ZpbGVfcGljLmRqYW5nby42NDIuYzIifQ&_nc_ht=instagram.fvlc6-1.fna.fbcdn.net&_nc_cat=101&_nc_oc=Q6cZ2gFmgbLh3qmqh2zensUkUos-CpH5nboyTHjRyY7G4BjLAst4Ya76DK4dF0i6OBfn7R8&_nc_ohc=UIoxgvWZtUUQ7kNvwHUyYcv&_nc_gid=n3aj5ygLWmjaRi0kvMaoxQ&edm=APoiHPcBAAAA&ccb=7-5&oh=00_Af6zkt6sWPKVoQbibgFa3J_p4zWVjNyOlvxHnnfEIm_nIg&oe=69FCD336&_nc_sid=22de04	swingfestivals
jessica-lennartsson	Jessica Lennartsson					https://www.youtube.com/watch?app=desktop&v=CLpVQf2OEOk	https://lirp.cdn-website.com/e774b2e4/dms3rep/multi/opt/J-E-87fa9caa-1920w.png	swingfestivals
jo-hoffberg	Jo Hoffberg		https://www.facebook.com/whatcha.know.johoffberg/		https://www.youtube.com/playlist?list=PLxhKrnTOikS9oI-nH50aj1t5dVr_kSzCm	https://thelindyblog.wordpress.com/2018/11/21/jo-hoffberg-creo-que-es-increiblemente-importante-tomar-clases-de-baile-fuera-del-lindy-hop/	https://thelindyblog.wordpress.com/wp-content/uploads/2018/11/jo-snap_b.jpg?w=1440&h=962	swingfestivals
joe-robinson	Joe Robinson	https://www.joerobinson.com/		https://www.instagram.com/joe_robinson	https://www.youtube.com/joerobinsonofficial		https://kajabi-storefronts-production.kajabi-cdn.com/kajabi-storefronts-production/themes/2150045070/settings_images/I85O5edgScKCwmyqYvsb_Joe_Robinson_Borders_Cover_UPC_193436242158.jpg	swingfestivals
josette-wiggan	Josette Wiggan		https://www.facebook.com/josette.wiggan/	https://www.instagram.com/josette_wiggan_taps/			https://instagram.fvlc6-1.fna.fbcdn.net/v/t51.2885-19/482631792_1805561513542445_613836460711474786_n.jpg?stp=dst-jpg_s150x150_tt6&efg=eyJ2ZW5jb2RlX3RhZyI6InByb2ZpbGVfcGljLmRqYW5nby41NjcuYzIifQ&_nc_ht=instagram.fvlc6-1.fna.fbcdn.net&_nc_cat=105&_nc_oc=Q6cZ2gGU5Zk7CvOGi3xfaQW5FwLVqQOidt55o51XsJEukCsyZFqgtl49T8emhtTivs_UvL8&_nc_ohc=OxzvEazhS9MQ7kNvwE2TJKp&_nc_gid=xvUzPI-mMOQLJnRYLnMMAA&edm=APoiHPcBAAAA&ccb=7-5&oh=00_Af4oFZw8ZjzFc_f8v3s6fJkRxoa68DiiNUhkcn03quTT5w&oe=69FCD92D&_nc_sid=22de04	swingfestivals
josiah-keagy	Josiah Keagy		https://www.facebook.com/j.keagy56	https://www.instagram.com/idioticpolymath/			https://instagram.fvlc6-2.fna.fbcdn.net/v/t51.2885-19/19429543_824403597724615_9029744100718411776_a.jpg?stp=dst-jpg_s150x150_tt6&efg=eyJ2ZW5jb2RlX3RhZyI6InByb2ZpbGVfcGljLmRqYW5nby4yMDAuYzIifQ&_nc_ht=instagram.fvlc6-2.fna.fbcdn.net&_nc_cat=107&_nc_oc=Q6cZ2gEdSBjhTNebIlbM59F0Nyju73Y_EZ1RVbgPuQauxqBvphFuZnYH_-7-23I2_9w0Xb0&_nc_ohc=dKmfqJX3UkUQ7kNvwENKGaX&_nc_gid=btHQ9wBW-i7ufs6iN24t8Q&edm=ALGbJPMBAAAA&ccb=7-5&oh=00_Af6QctbPWuNJoNYXAH5QcPU5HFa2LsYOSmDVRjOOtN2M_Q&oe=69FCE051&_nc_sid=7d3ac5	swingfestivals
julie-roman	Julie Roman			https://www.instagram.com/5678roman/			https://instagram.fvlc6-1.fna.fbcdn.net/v/t51.2885-19/134191528_776549449602546_634047407601225992_n.jpg?stp=dst-jpg_s150x150_tt6&efg=eyJ2ZW5jb2RlX3RhZyI6InByb2ZpbGVfcGljLmRqYW5nby44MjguYzIifQ&_nc_ht=instagram.fvlc6-1.fna.fbcdn.net&_nc_cat=106&_nc_oc=Q6cZ2gF12YxhO7YlMLp10IzzcxFsC0gKaOytV73IMVkSmcLz-4yLDzeYTDIaBLgA-_pBY1M&_nc_ohc=W1_AIcKRL8wQ7kNvwH3f9ik&_nc_gid=qB8lKFkfs8hSNP6Y4LJD4g&edm=ALGbJPMBAAAA&ccb=7-5&oh=00_Af4tXymBuwQVnlMcw6M3t1PSEEXEGs7UgDsAIEimgOYvOQ&oe=69FD05CF&_nc_sid=7d3ac5	swingfestivals
kamile-pundziute	Kamile Pundziute			https://www.instagram.com/pnkamile/			https://instagram.fvlc6-2.fna.fbcdn.net/v/t51.2885-19/11910208_1467140186922717_954967781_a.jpg?stp=dst-jpg_s150x150_tt6&efg=eyJ2ZW5jb2RlX3RhZyI6InByb2ZpbGVfcGljLmRqYW5nby4xNTAuYzIifQ&_nc_ht=instagram.fvlc6-2.fna.fbcdn.net&_nc_cat=109&_nc_oc=Q6cZ2gEt41WXyb61WbUl43SzUfYZ-fu9YG4fJGyDmYnJtEE7t_69H1D_k-WZrm5bqurAr0w&_nc_ohc=UmWo0LTrZtAQ7kNvwHpkNVN&_nc_gid=epqh0nJDyAfdh-m1HXqIFw&edm=APoiHPcBAAAA&ccb=7-5&oh=00_Af64W5keITfPCzIJjaEuvFPgmSrb-9Doe3t40CyRiGvFYQ&oe=69FCE91C&_nc_sid=22de04	swingfestivals
kate-hedin	Kate Hedin		http://www.facebook.com/katehedin	https://www.instagram.com/katehedinblink/			https://instagram.fvlc6-2.fna.fbcdn.net/v/t51.2885-19/98284582_183246739584012_5771044695463428096_n.jpg?stp=dst-jpg_s150x150_tt6&efg=eyJ2ZW5jb2RlX3RhZyI6InByb2ZpbGVfcGljLmRqYW5nby4xMDgwLmMyIn0&_nc_ht=instagram.fvlc6-2.fna.fbcdn.net&_nc_cat=100&_nc_oc=Q6cZ2gHEganHryqnR42DVZgkJ9kIBtZNI9jhNTMVBixVCSFWARufDi8Py_6ocM-MSWEEWuY&_nc_ohc=Y8o62mKfn1YQ7kNvwEIbSDq&_nc_gid=__3_gO5wQ5stQ8-UnWQoZQ&edm=APoiHPcBAAAA&ccb=7-5&oh=00_Af6t-xDM1EXGdSD8TlpoOMOBeonHwmo2XZnFhWZ9mO07Qg&oe=69FCD85D&_nc_sid=22de04	swingfestivals
katja-zavrsnik	Katja Zavrsnik			https://www.instagram.com/katjazavrsnik/			https://instagram.fvlc6-1.fna.fbcdn.net/v/t51.2885-19/244555004_292854099044993_2334935387036014554_n.jpg?stp=dst-jpg_s150x150_tt6&efg=eyJ2ZW5jb2RlX3RhZyI6InByb2ZpbGVfcGljLmRqYW5nby4xMDgwLmMyIn0&_nc_ht=instagram.fvlc6-1.fna.fbcdn.net&_nc_cat=105&_nc_oc=Q6cZ2gFj7dWT1xW_iMkzy-tmlDbdpJZWJtyVxOq1B_bptKiTxxhYpGSFtHE51g60cWbscH0&_nc_ohc=d9Ca0MZzR0kQ7kNvwHNpFa6&_nc_gid=xKSjs5J37WHizq4O3i2uLQ&edm=APoiHPcBAAAA&ccb=7-5&oh=00_Af46Htf3-vdXA3ryaGzvl4k2HskBHsLnp06ttez4tWOq1w&oe=69FCF94B&_nc_sid=22de04	swingfestivals
kelly-isaac	Kelly Isaac			https://www.instagram.com/tapconkelly/			https://instagram.fvlc6-1.fna.fbcdn.net/v/t51.2885-19/412136295_800423688513940_2283071879886026648_n.jpg?stp=dst-jpg_s150x150_tt6&efg=eyJ2ZW5jb2RlX3RhZyI6InByb2ZpbGVfcGljLmRqYW5nby4xMDgwLmMyIn0&_nc_ht=instagram.fvlc6-1.fna.fbcdn.net&_nc_cat=104&_nc_oc=Q6cZ2gEO3nE5d_KXrmlX93tgm53lByXboneJzkMNXpqpU4rW9l4dO9ldz9TuEGqHFUUF3E0&_nc_ohc=gRwruqk3i_cQ7kNvwER9yFh&_nc_gid=yEkl5-3a_bQQzgISENJ8yA&edm=APoiHPcBAAAA&ccb=7-5&oh=00_Af5xWY0KOgBaAiqpKxFteq5W7YWkcfmjrzYtkfQH3VuBXg&oe=69FD0628&_nc_sid=22de04	swingfestivals
laura-keat	Laura Keat			https://www.instagram.com/laurakeatmoves/			https://instagram.fvlc6-2.fna.fbcdn.net/v/t51.82787-19/626012816_18561207955050372_6434681656423817401_n.jpg?stp=dst-jpg_s150x150_tt6&efg=eyJ2ZW5jb2RlX3RhZyI6InByb2ZpbGVfcGljLmRqYW5nby44ODEuYzIifQ&_nc_ht=instagram.fvlc6-2.fna.fbcdn.net&_nc_cat=100&_nc_oc=Q6cZ2gHsHNMMMuVvMdCrfVEFkttNTty8OeH5hnR3Kujo2CFzxbZgbKmhBjhQSvQ8tH38i6w&_nc_ohc=Fkq8DzbZFx8Q7kNvwFdf-N3&_nc_gid=_DGc1cwr19bMuq4qDNXJWQ&edm=APoiHPcBAAAA&ccb=7-5&oh=00_Af5j_tqEkf3eidv_GlY0mD0UtUBbGJdxvU6sGbdaHssfUg&oe=69FCED3F&_nc_sid=22de04	swingfestivals
lisa-clarke	Lisa Clarke			https://www.instagram.com/lisaclarkedance/			https://instagram.fvlc6-2.fna.fbcdn.net/v/t51.2885-19/285306086_687668018977319_4265820854107634534_n.jpg?stp=dst-jpg_s150x150_tt6&efg=eyJ2ZW5jb2RlX3RhZyI6InByb2ZpbGVfcGljLmRqYW5nby42NDAuYzIifQ&_nc_ht=instagram.fvlc6-2.fna.fbcdn.net&_nc_cat=111&_nc_oc=Q6cZ2gHxcYaSv4vF5JqQeJp0N--wjXCpYKylwKpuX0hdR_ibbXXOwDLke8AMxMMsfHMWVFc&_nc_ohc=e5rghvx52sQQ7kNvwHLJIgn&_nc_gid=6oVlOkAGi-Hw8f20gbSaJg&edm=APoiHPcBAAAA&ccb=7-5&oh=00_Af6hBYMugNF52GBAdsKJkKk7Jnj6TWdDWmK-WOgh5fn7kQ&oe=69FCFB52&_nc_sid=22de04	swingfestivals
luca-filastro-sextet	Luca Filastro Sextet			https://www.instagram.com/lucafilastro/		http://www.jazzimage.it/events/we-love-big-band-luca-filastro-ensemble	https://instagram.fvlc6-1.fna.fbcdn.net/v/t51.82787-19/653949327_18575349175031954_1404613229727007179_n.jpg?stp=dst-jpg_s150x150_tt6&efg=eyJ2ZW5jb2RlX3RhZyI6InByb2ZpbGVfcGljLmRqYW5nby4xMDgwLmMyIn0&_nc_ht=instagram.fvlc6-1.fna.fbcdn.net&_nc_cat=102&_nc_oc=Q6cZ2gEinTFUeKuFdKbL6UeYkVBKt1oQitvzk5QTaj0g1XpLurwfB1O9MVb9VdFyraOdUf4&_nc_ohc=Lu_NO1WrcKoQ7kNvwFSnpkR&_nc_gid=KHEap7WWIQMa9g_ZDGUi-A&edm=APoiHPcBAAAA&ccb=7-5&oh=00_Af5No8o_dRtyxwv0I6tuFkR8irDOo1KJJOLfccODQkMqCg&oe=69FCD922&_nc_sid=22de04	swingfestivals
luciano	Luciano Pescatore		https://www.facebook.com/luciano.pescatore.9	https://www.instagram.com/lucianopescatore/		https://ch.linkedin.com/in/luciano-pescatore-8695a761	https://instagram.fvlc6-2.fna.fbcdn.net/v/t51.2885-19/241008734_205835474869179_6985115927418372966_n.jpg?stp=dst-jpg_s150x150_tt6&efg=eyJ2ZW5jb2RlX3RhZyI6InByb2ZpbGVfcGljLmRqYW5nby4xMDgwLmMyIn0&_nc_ht=instagram.fvlc6-2.fna.fbcdn.net&_nc_cat=103&_nc_oc=Q6cZ2gHyJVdZjxr86GVY2oJqeyUd2WZTjgUthgNcL-12npq0PUoXVd-scR2t4jINzku1Tac&_nc_ohc=Lu2P4QD-OrMQ7kNvwHEgeqD&_nc_gid=YGzc-M-m4PIxjSLqCitVBg&edm=APoiHPcBAAAA&ccb=7-5&oh=00_Af4qGka8jQ0W3A-7yzkZ1s0zw-PbNmnP3DRzpurhneqppA&oe=69FCE1C7&_nc_sid=22de04	swingfestivals
malik-derin-kucumen	Malik Derin Kucumen		https://www.facebook.com/malik.kucumen/	https://www.instagram.com/malikkucumen/			https://instagram.fvlc6-2.fna.fbcdn.net/v/t51.2885-19/425572590_1890264694745419_59333241327553304_n.jpg?stp=dst-jpg_s150x150_tt6&efg=eyJ2ZW5jb2RlX3RhZyI6InByb2ZpbGVfcGljLmRqYW5nby40ODQuYzIifQ&_nc_ht=instagram.fvlc6-2.fna.fbcdn.net&_nc_cat=107&_nc_oc=Q6cZ2gFaI6Ur4cD45verARRoM8-N3N2uVCrbfOHUcdipTc9h1dxlAvWAFggBX_E4PiASOSk&_nc_ohc=kdBpOcrb7IUQ7kNvwGMSl-i&_nc_gid=_vsT1LRK-tNw3kL6DI7dWg&edm=APoiHPcBAAAA&ccb=7-5&oh=00_Af7fahx3cdTLAlQTMmL53MX8hz1-GVxuivOqQTBaUTYe6Q&oe=69FCE4D6&_nc_sid=22de04	swingfestivals
maria-mallan	Maria Mallan		https://www.facebook.com/mariamasrullan/	https://www.instagram.com/maria_mallan/			https://instagram.fvlc6-2.fna.fbcdn.net/v/t51.2885-19/460583561_1944376129308575_2744266422186249818_n.jpg?stp=dst-jpg_s150x150_tt6&efg=eyJ2ZW5jb2RlX3RhZyI6InByb2ZpbGVfcGljLmRqYW5nby4xMDgwLmMyIn0&_nc_ht=instagram.fvlc6-2.fna.fbcdn.net&_nc_cat=111&_nc_oc=Q6cZ2gG4Y3RsGFYId5xIrMWvxbgtgjCOHuqFP6CSEyL3azGmEnEXR-cqNlPzJnW7NaOTmCQ&_nc_ohc=QbsF1vBk2GwQ7kNvwGu50Kr&_nc_gid=kiRFQovVV_63QeeSja7eig&edm=APoiHPcBAAAA&ccb=7-5&oh=00_Af5iq25bsDsd57IJREx40BH-Xrrhz4GowiNSYpa4TxVaFg&oe=69FD0436&_nc_sid=22de04	swingfestivals
mariangela	Mariangela Salichou		https://www.facebook.com/mariangelasalichou/	https://www.instagram.com/mariangela_salichou/			https://instagram.fvlc6-1.fna.fbcdn.net/v/t51.2885-19/337842229_1988293241516342_6121744079292148962_n.jpg?stp=dst-jpg_s150x150_tt6&efg=eyJ2ZW5jb2RlX3RhZyI6InByb2ZpbGVfcGljLmRqYW5nby4xMDgwLmMyIn0&_nc_ht=instagram.fvlc6-1.fna.fbcdn.net&_nc_cat=102&_nc_oc=Q6cZ2gGpRJz7S4b9KhUYt3JzZYKO87ePgdwfLXJRgkBCRoxf5mzSWjWM0sf0jepCflRmzeU&_nc_ohc=ceM9IjxbP1gQ7kNvwHzSjfs&_nc_gid=UXt3-B0zoMSlvRORCbfLgA&edm=APoiHPcBAAAA&ccb=7-5&oh=00_Af75_HiB4lBs0WrRGJxwTnmgy0wkY188RRHdQqIM4bn1Mw&oe=69FCEE8E&_nc_sid=22de04	swingfestivals
marion-quesne	Marion Quesne				https://www.youtube.com/@marionquesne9587	https://open.spotify.com/user/21nhq42pu7wd7hgzlbmig5rma	https://live.staticflickr.com/5770/buddyicons/134152424@N02_r.jpg?1439732263#134152424@N02	swingfestivals
matt-mitchell	Matt Mitchell	https://www.balaustin.com/matt-mitchell		https://www.instagram.com/texasmitch/			https://instagram.fvlc6-1.fna.fbcdn.net/v/t51.2885-19/332566584_3375136579365877_3344055443617036858_n.jpg?stp=dst-jpg_s150x150_tt6&efg=eyJ2ZW5jb2RlX3RhZyI6InByb2ZpbGVfcGljLmRqYW5nby40NzkuYzIifQ&_nc_ht=instagram.fvlc6-1.fna.fbcdn.net&_nc_cat=101&_nc_oc=Q6cZ2gH5hMV55BUQzFBl-wVlP9pny3AxetAqwlF1u6z8wz8u-zjO5LYdPJ8ZcSjnLB41F1c&_nc_ohc=aXffGULbjT4Q7kNvwH2Sbgy&_nc_gid=cNQMEFbCHJu48AHVxboejA&edm=ALGbJPMBAAAA&ccb=7-5&oh=00_Af4ezv_gmajAVU-qnOXseXXsYrN6R1D_l02urNi-PvK5Gg&oe=69FCF0EB&_nc_sid=7d3ac5	swingfestivals
meret	Meret Rötheli			https://www.instagram.com/dodomeret/			https://instagram.fvlc6-1.fna.fbcdn.net/v/t51.82787-19/588108000_18546865273032829_5200141701334476858_n.jpg?stp=dst-jpg_s150x150_tt6&efg=eyJ2ZW5jb2RlX3RhZyI6InByb2ZpbGVfcGljLmRqYW5nby4xMDgwLmMyIn0&_nc_ht=instagram.fvlc6-1.fna.fbcdn.net&_nc_cat=101&_nc_oc=Q6cZ2gEOa2C98fhrZU5kbb6RiRQIziEbpH26dn5rrQ5S9xlhjUUz_OeEve_MIcQxKVUVgMI&_nc_ohc=gZVJNZGfzzcQ7kNvwFfhcF8&_nc_gid=_3qY-2irFkk93aNCSYv8DQ&edm=ALGbJPMBAAAA&ccb=7-5&oh=00_Af5xiGW0ixoLy7adB3BC1HlnrkyQI1R3MdVjZ_IXox3lOA&oe=69FCE845&_nc_sid=7d3ac5	swingfestivals
michael-ghysels	Michael Ghysels			https://www.instagram.com/mimich_lumiere/			https://instagram.fvlc6-2.fna.fbcdn.net/v/t51.82787-19/658330082_18576300667000137_7833743960407683566_n.jpg?stp=dst-jpg_s150x150_tt6&efg=eyJ2ZW5jb2RlX3RhZyI6InByb2ZpbGVfcGljLmRqYW5nby4yNDkuYzIifQ&_nc_ht=instagram.fvlc6-2.fna.fbcdn.net&_nc_cat=109&_nc_oc=Q6cZ2gHG3IztvMpIqLVymFhDctd-LUZdJBf2yxwHN2kGBtglP92oyHYzhUEsqBeE7dpr1wY&_nc_ohc=53ijOkxQzZ4Q7kNvwH2WVAo&_nc_gid=hwSgCy9DpMO-cWi-hWfkng&edm=APoiHPcBAAAA&ccb=7-5&oh=00_Af7VkB0ka3NWpYMQJM-V7bvMF70awNRI2Zvr3Fd9mDGisA&oe=69FD3ABC&_nc_sid=22de04	swingfestivals
milos	Miloš Dograjić			https://www.instagram.com/milosdograjic/			https://instagram.fvlc6-2.fna.fbcdn.net/v/t51.2885-19/68705165_1163366827181352_8298363371242127360_n.jpg?stp=dst-jpg_s150x150_tt6&efg=eyJ2ZW5jb2RlX3RhZyI6InByb2ZpbGVfcGljLmRqYW5nby4xMDgwLmMyIn0&_nc_ht=instagram.fvlc6-2.fna.fbcdn.net&_nc_cat=100&_nc_oc=Q6cZ2gGbIExli8RGtH8b59YD6Wbg2atFodJti7xRUu80s0x30gHMCbBeTJazan6Vt1_HNyU&_nc_ohc=vfmHCvDtHQYQ7kNvwG6lOgF&_nc_gid=xpoOgaRXXtgdyQipYAsl2w&edm=ALGbJPMBAAAA&ccb=7-5&oh=00_Af7gVDGiRrY85k5k_fX3RiNsZgAg1VOeFsCTNtzfNnDEqw&oe=69FD3395&_nc_sid=7d3ac5	swingfestivals
moe-sakan	Moe Sakan			https://www.instagram.com/jittering_jitterbug/			https://instagram.fvlc6-1.fna.fbcdn.net/v/t51.2885-19/106382020_283100362939925_4766625367028690524_n.jpg?stp=dst-jpg_s150x150_tt6&efg=eyJ2ZW5jb2RlX3RhZyI6InByb2ZpbGVfcGljLmRqYW5nby44ODguYzIifQ&_nc_ht=instagram.fvlc6-1.fna.fbcdn.net&_nc_cat=105&_nc_oc=Q6cZ2gEZ5VDguJh0K6Z4_XJjicalnQHDxJBL8vW85uXcF6KAPIPpSxK9E911voRskDL0hdY&_nc_ohc=WJcOSA3AiTkQ7kNvwEYCakk&_nc_gid=rE_55bWRwTkYVHoz4lRY3g&edm=ALGbJPMBAAAA&ccb=7-5&oh=00_Af6sxUdjUrp443OYMZ5MCfcTXUasbgtwWORPDYbTvLDmSw&oe=69FD39FF&_nc_sid=7d3ac5	swingfestivals
nathan-auvray	Nathan Auvray			https://www.instagram.com/nathan_and_anais/			https://instagram.fvlc6-2.fna.fbcdn.net/v/t51.2885-19/256879982_619766492390235_3983808750309811999_n.jpg?stp=dst-jpg_s150x150_tt6&efg=eyJ2ZW5jb2RlX3RhZyI6InByb2ZpbGVfcGljLmRqYW5nby4xMDgwLmMyIn0&_nc_ht=instagram.fvlc6-2.fna.fbcdn.net&_nc_cat=103&_nc_oc=Q6cZ2gHUg8I-4_WjcQHXSKMDg5LCixLQklhxDuKyJ1o-plz3njjCCCYVnPr1Gy63G35_axk&_nc_ohc=-3zLljZWoCEQ7kNvwFJbpsk&_nc_gid=AxoaKt1yFcaCGNG98LmL_A&edm=APoiHPcBAAAA&ccb=7-5&oh=00_Af40BYUTj8u2WoiAuFz6-TlcBAKlTcBzueEXxWIoMLmVng&oe=69FD33BB&_nc_sid=22de04	swingfestivals
nevena	Nevena Dograjić			https://www.instagram.com/nevieie/			https://instagram.fvlc6-2.fna.fbcdn.net/v/t51.2885-19/44631403_2426141087411019_6140024339430375424_n.jpg?stp=dst-jpg_s150x150_tt6&efg=eyJ2ZW5jb2RlX3RhZyI6InByb2ZpbGVfcGljLmRqYW5nby4xMDgwLmV4cGVyaW1lbnRhbCJ9&_nc_ht=instagram.fvlc6-2.fna.fbcdn.net&_nc_cat=103&_nc_oc=Q6cZ2gG6Uu1DKdB53OGysPTgsANAxlNdONX-Kn9YYguWJnZeYw1-ykRTwHITfCbPRqQvvik&_nc_ohc=MMMH5TP0bNcQ7kNvwHrTsNu&_nc_gid=boJCmVznZKAte-tHNoGb2w&edm=ALGbJPMBAAAA&ccb=7-5&oh=00_Af6PDB8yLThbJJHUNzS7z6Pfn2DakAy3ZRfG9yWuognbVQ&oe=69FD2875&_nc_sid=7d3ac5	swingfestivals
nick-williams	Nick Williams			https://www.instagram.com/nickwilliamsdance/	https://www.youtube.com/@SwingNick2		https://instagram.fvlc6-1.fna.fbcdn.net/v/t51.2885-19/59087485_430751114148944_1879264443603353600_n.jpg?stp=dst-jpg_s150x150_tt6&efg=eyJ2ZW5jb2RlX3RhZyI6InByb2ZpbGVfcGljLmRqYW5nby4xMDgwLmMyIn0&_nc_ht=instagram.fvlc6-1.fna.fbcdn.net&_nc_cat=108&_nc_oc=Q6cZ2gGFLVx7N3zymek7XmACTBL_AhmC2DX4lJxuUM88tK81VWAx49OnJxVkFfP-KsLilhc&_nc_ohc=nsAagbqemjUQ7kNvwHkwV7j&_nc_gid=8M1BdbXkezGSuohpCU13Fw&edm=APoiHPcBAAAA&ccb=7-5&oh=00_Af6nv9H3gLqH1DaabcqiVF7_PhaNLnkxUtexd6NvZ-UarQ&oe=69FD2E35&_nc_sid=22de04	swingfestivals
nils	Nils	https://www.nilsandbianca.com/		https://www.instagram.com/nilsandbianca/	https://www.youtube.com/c/NilsandBianca		https://instagram.fvlc6-1.fna.fbcdn.net/v/t51.2885-19/300758254_786731785786016_8309756656877750004_n.jpg?stp=dst-jpg_s150x150_tt6&efg=eyJ2ZW5jb2RlX3RhZyI6InByb2ZpbGVfcGljLmRqYW5nby4xMDgwLmMyIn0&_nc_ht=instagram.fvlc6-1.fna.fbcdn.net&_nc_cat=108&_nc_oc=Q6cZ2gGQux-xAAGdc62Ns_l5rwFEoJEtKXLME0NnZuoHhhODTFVPS087N-6qm0o2zJhPSJs&_nc_ohc=wFs7QyS_85EQ7kNvwFTEIjg&_nc_gid=RwSsUnsurcnVeMwk_bkrhQ&edm=APoiHPcBAAAA&ccb=7-5&oh=00_Af51iwoPjyEnR3N6gYD7Y4BP2wWmN2L76rpEg-o4x_-kVw&oe=69FD5563&_nc_sid=22de04	swingfestivals
nurbanu-demir	Nurbanu Demir Küçümen			https://www.instagram.com/nurba.nunu/			https://instagram.fvlc6-2.fna.fbcdn.net/v/t51.82787-19/587653429_18105124669654581_9213751889444939680_n.jpg?stp=dst-jpg_s150x150_tt6&efg=eyJ2ZW5jb2RlX3RhZyI6InByb2ZpbGVfcGljLmRqYW5nby4xMDgwLmMyIn0&_nc_ht=instagram.fvlc6-2.fna.fbcdn.net&_nc_cat=109&_nc_oc=Q6cZ2gHyJnj9M10EUdz5IHr_zmXEQQ2T87fvlll-QMpvW83U5dtiBXWYI_PYZ7hWzuj6cuU&_nc_ohc=x2fRO7EMPmEQ7kNvwEfx4CE&_nc_gid=8nsGTwNCFLWGMevKuoJR4Q&edm=APoiHPcBAAAA&ccb=7-5&oh=00_Af4GfTMbKOKz3hhh2FR_2TP6Q8ZYTxUkK4lLWs80RaeXgA&oe=69FD23F9&_nc_sid=22de04	swingfestivals
olina-topsioti	Olina Topsioti			https://www.instagram.com/olinatop/	https://www.facebook.com/olina.topsioti/		https://instagram.fvlc6-1.fna.fbcdn.net/v/t51.2885-19/152362289_2896262840642932_7246092941051448596_n.jpg?stp=dst-jpg_s150x150_tt6&efg=eyJ2ZW5jb2RlX3RhZyI6InByb2ZpbGVfcGljLmRqYW5nby4xMDAwLmMyIn0&_nc_ht=instagram.fvlc6-1.fna.fbcdn.net&_nc_cat=104&_nc_oc=Q6cZ2gH5RWqRifFRBpVfTY5fVoE2jkUYEXbAtGyCpt6kmlBlLmpXg-jbua5WALC0uGAJ4mE&_nc_ohc=vHX9Dwamv2cQ7kNvwFHX05w&_nc_gid=HPg9yVkqdpphdJdJB1RWIA&edm=APoiHPcBAAAA&ccb=7-5&oh=00_Af5iABoDGt-hAF_tnkaqFHcVjO9-xXmRiJcI5dYaaGqqfA&oe=69FD4179&_nc_sid=22de04	swingfestivals
patrik	Patrick Szmidt		https://www.facebook.com/pszmidt/		https://www.youtube.com/c/PatrickSzmidt		https://scontent.fvlc6-1.fna.fbcdn.net/v/t39.30808-1/468523412_10161056618671559_1518934355583004887_n.jpg?stp=dst-jpg_s480x480_tt6&_nc_cat=108&ccb=1-7&_nc_sid=e99d92&_nc_ohc=Wm-Ot_4APEIQ7kNvwGjbJMW&_nc_oc=AdrExOXEAFT4aKSZND2cAac_3KahjohiPtQ268gcH4Jfz8RkKY7D2mGl_rxJCaMSfeU&_nc_zt=24&_nc_ht=scontent.fvlc6-1.fna&_nc_gid=ZrOI2HhxsZ4WphB0LnXiNQ&_nc_ss=7b2a8&oh=00_Af686QHLWt8Ia6gVb-HhMUSQ85bqI0MsD4kGYtCgA1DyPQ&oe=69FD4AB0	swingfestivals
perrine-guillet	Perrine Guillet			https://www.instagram.com/lutinegriperle/			https://instagram.fvlc6-2.fna.fbcdn.net/v/t51.2885-19/445473378_439685868792309_1562091723503742132_n.jpg?stp=dst-jpg_s150x150_tt6&efg=eyJ2ZW5jb2RlX3RhZyI6InByb2ZpbGVfcGljLmRqYW5nby4xMDgwLmMyIn0&_nc_ht=instagram.fvlc6-2.fna.fbcdn.net&_nc_cat=109&_nc_oc=Q6cZ2gGFZyObjaiiBWJWQuoc4KelEA7Wv4jhD1p3vuoEwNVdJcNKqu8myIrn7ELEIACzgJg&_nc_ohc=c_8IPPCNhBYQ7kNvwGjnRU4&_nc_gid=5iONSrxFcG-VVD6wnBImZg&edm=AP4sbd4BAAAA&ccb=7-5&oh=00_Af6OOouU7Zs4mTzKFzF3cSS51ljcrey_aV1yVQr1cbUpSw&oe=69FD4B6D&_nc_sid=7a9f4b	swingfestivals
peter-kertz	Peter Kertz		https://www.facebook.com/peterandelze/	https://www.instagram.com/peterkertz/			https://instagram.fvlc6-1.fna.fbcdn.net/v/t51.2885-19/339506992_625650622711544_2126812873733394544_n.jpg?stp=dst-jpg_s150x150_tt6&efg=eyJ2ZW5jb2RlX3RhZyI6InByb2ZpbGVfcGljLmRqYW5nby43MjkuYzIifQ&_nc_ht=instagram.fvlc6-1.fna.fbcdn.net&_nc_cat=108&_nc_oc=Q6cZ2gETNoovaW_2wxPzaQN3yMXthgGxnL9j5EcDyOMeFjNcpmiiwNhb7pYwQgU6eQl0O6M&_nc_ohc=ZUEjug141V0Q7kNvwGBn6As&_nc_gid=NtsqDFnKybLcNqEjXi7kMA&edm=APoiHPcBAAAA&ccb=7-5&oh=00_Af6neZDz041_QmA_QC6_o_hf-sM44_mXBa5tlXy1FlASpg&oe=69FD34BD&_nc_sid=22de04	swingfestivals
peter-loggins	Peter Loggins			https://www.instagram.com/twobarbreak/	https://www.youtube.com/playlist?list=PL8ASozE57S00boAaCcvVajjWlhrg3PM0O		https://instagram.fvlc6-1.fna.fbcdn.net/v/t51.82787-19/659570241_18565844755047222_4798907592497601712_n.jpg?stp=dst-jpg_s150x150_tt6&efg=eyJ2ZW5jb2RlX3RhZyI6InByb2ZpbGVfcGljLmRqYW5nby43MjQuYzIifQ&_nc_ht=instagram.fvlc6-1.fna.fbcdn.net&_nc_cat=106&_nc_oc=Q6cZ2gHTUb-yMCxZTU6oW3VKNcNvQOCnnapawJLYEg4c1saeNICC6ephbD_akYee3xO_szI&_nc_ohc=kwc9ncEDb8QQ7kNvwHPGPhI&_nc_gid=pQwQ9oOHnsK5ZXuHM1zSaw&edm=AP4sbd4BAAAA&ccb=7-5&oh=00_Af6g0QlrBaro8u0aHo1vP6zkkui3mXhw0l3jfePTDUNhHg&oe=69FD46C6&_nc_sid=7a9f4b	swingfestivals
piret-kleis	Piret Kleis			https://www.instagram.com/piretkleis/			https://instagram.fvlc6-2.fna.fbcdn.net/v/t51.82787-19/524681543_18523231996058217_2389643373613718024_n.jpg?stp=dst-jpg_s150x150_tt6&efg=eyJ2ZW5jb2RlX3RhZyI6InByb2ZpbGVfcGljLmRqYW5nby4xMDgwLmMyIn0&_nc_ht=instagram.fvlc6-2.fna.fbcdn.net&_nc_cat=109&_nc_oc=Q6cZ2gHcl6XsRO4tvS_BgoCYu7G8fotoeypCqTImICaqDXJRRXpvPeohPAucbO-PqbtPj2s&_nc_ohc=jfI6DlkOVTkQ7kNvwFFDvq0&_nc_gid=-bsj27vPRzYKOsYyIyLuaA&edm=ALGbJPMBAAAA&ccb=7-5&oh=00_Af4upbLaBKCedtP9miMwfBYd483s6ZC9m9RfHlunWT8H1w&oe=69FD2536&_nc_sid=7d3ac5	swingfestivals
quinndy	Quinndy			https://www.instagram.com/quinndy/			https://instagram.fvlc6-1.fna.fbcdn.net/v/t51.82787-19/683401825_18465835075098761_4713215411054863352_n.jpg?stp=dst-jpg_s150x150_tt6&efg=eyJ2ZW5jb2RlX3RhZyI6InByb2ZpbGVfcGljLmRqYW5nby4xMDgwLmMyIn0&_nc_ht=instagram.fvlc6-1.fna.fbcdn.net&_nc_cat=105&_nc_oc=Q6cZ2gH4jR_cjch9zs-elzrQOQ5fP1tvFRlW55uScOovreJ-dKutpolSV0nKaOi0uS7x04M&_nc_ohc=gQ7ctAAJ30EQ7kNvwG6a6d3&_nc_gid=dMB4SUunwt5X2fUZ6xZxbA&edm=APoiHPcBAAAA&ccb=7-5&oh=00_Af62F7cKsxgiWFsvz70wM2US4mnJnd81f8w4j4DNOqfpAg&oe=69FD2B47&_nc_sid=22de04	swingfestivals
rikard-ekstrand	Rikard Ekstrand	https://www.rikardekstrand.com/		https://www.instagram.com/rikardekstrand/tagged/			https://instagram.fvlc6-1.fna.fbcdn.net/v/t51.2885-19/197437897_492138392019880_1853562620806474727_n.jpg?stp=dst-jpg_s150x150_tt6&efg=eyJ2ZW5jb2RlX3RhZyI6InByb2ZpbGVfcGljLmRqYW5nby4xMDgwLmMyIn0&_nc_ht=instagram.fvlc6-1.fna.fbcdn.net&_nc_cat=104&_nc_oc=Q6cZ2gGB06PjhzyZrflznvuJt3aKxB2E0_xZ1uXW9InrTHsGQB0Grt-kOODYx6k_3owNelA&_nc_ohc=I4DuKEyy75cQ7kNvwHIqKmz&_nc_gid=xQf9tCqVH2OeNdI0303NXg&edm=APoiHPcBAAAA&ccb=7-5&oh=00_Af4YFdlSLus4HoEr4qIzz9uuQp09rbFt7-azR357pArMXw&oe=69FD2DDB&_nc_sid=22de04	swingfestivals
romain-gimenez	Romain Gimenez			https://www.instagram.com/romain.gimenez/			https://instagram.fvlc6-2.fna.fbcdn.net/v/t51.82787-19/631360461_18397008829183800_857675271834769519_n.jpg?stp=dst-jpg_s150x150_tt6&efg=eyJ2ZW5jb2RlX3RhZyI6InByb2ZpbGVfcGljLmRqYW5nby4xMDgwLmMyIn0&_nc_ht=instagram.fvlc6-2.fna.fbcdn.net&_nc_cat=100&_nc_oc=Q6cZ2gFhkHKMmjKDSMllcC-h0wZTPN783jVD97eT9bniSfH926BXVe99rDgyKxaRC7d3Tvg&_nc_ohc=iPqW43Ttu5YQ7kNvwEg3ynP&_nc_gid=Vct15--ibkZrahgDOJrbMg&edm=APoiHPcBAAAA&ccb=7-5&oh=00_Af4Z0sRZax9QYiwZPMn3iok5XhmDfAjoboPopJL5vsX_qw&oe=69FD559E&_nc_sid=22de04	swingfestivals
ryan-francois	Ryan Francois	https://ryanfrancois.com/		https://www.instagram.com/ryan_francois_jazz/			https://instagram.fvlc6-1.fna.fbcdn.net/v/t51.2885-19/166060232_847211005861662_7269528010148846779_n.jpg?stp=dst-jpg_s150x150_tt6&efg=eyJ2ZW5jb2RlX3RhZyI6InByb2ZpbGVfcGljLmRqYW5nby4xMDgwLmMyIn0&_nc_ht=instagram.fvlc6-1.fna.fbcdn.net&_nc_cat=106&_nc_oc=Q6cZ2gHIhROKrLn5NlBYrFJnq62wEDeLrus2MSnUcDrn8cDtrWuVRV8wxU5iOEZq3B4Luuc&_nc_ohc=i4vE-IBGRZoQ7kNvwEtF7up&_nc_gid=Hff0UlQ8SXhJxu41ADRCXQ&edm=APoiHPcBAAAA&ccb=7-5&oh=00_Af5OkP3zRYxgATKRJ8XRErk3MaBVF3WKa9IeLTManhvATQ&oe=69FD45EA&_nc_sid=22de04	swingfestivals
sakarias	Sakarias Larsson			https://www.instagram.com/blueoutlaw/			https://instagram.fvlc6-1.fna.fbcdn.net/v/t51.2885-19/495844558_18499984243022921_5779298038267814961_n.jpg?stp=dst-jpg_s150x150_tt6&efg=eyJ2ZW5jb2RlX3RhZyI6InByb2ZpbGVfcGljLmRqYW5nby4xMDgwLmMyIn0&_nc_ht=instagram.fvlc6-1.fna.fbcdn.net&_nc_cat=105&_nc_oc=Q6cZ2gFAHI9PXFwsOq7pXHgea4EiFbnBAKXNZHFCSE3gqWYLRO3EQuEMD293GKUyBhQUb7A&_nc_ohc=ehFZF34JHXsQ7kNvwEJMCyE&_nc_gid=G2ovWOylL3AgYL8IIlO8YA&edm=APoiHPcBAAAA&ccb=7-5&oh=00_Af6xcb1rU-agvi0OIO7XJ_VvYTiSRxlb_qSP_nyKsvk6jA&oe=69FD44F6&_nc_sid=22de04	swingfestivals
sant-andreu-jazz	Sant Andreu Jazz	https://ca.wikipedia.org/wiki/Sant_Andreu_Jazz_Band		https://www.instagram.com/santandreujazzband/			https://instagram.fvlc6-1.fna.fbcdn.net/v/t51.2885-19/106273085_751035755470288_5534057039024192874_n.jpg?stp=dst-jpg_s150x150_tt6&efg=eyJ2ZW5jb2RlX3RhZyI6InByb2ZpbGVfcGljLmRqYW5nby44MTUuYzIifQ&_nc_ht=instagram.fvlc6-1.fna.fbcdn.net&_nc_cat=104&_nc_oc=Q6cZ2gGOKQf0EL-1hevO8nCjFXDRmpl6YJ6KRUIkIpf4ZF8uTiBVd7ir1Oas0GXLuQUXvvs&_nc_ohc=3-CUNrLj2moQ7kNvwG3pR80&_nc_gid=bJI8Fs4ZwNCr9-0oviK2wg&edm=APoiHPcBAAAA&ccb=7-5&oh=00_Af6sJ9hGnpKxphv4cvd-LPNjfj2kDYwiLNn4qcqaRBpBXw&oe=69FD46C8&_nc_sid=22de04	swingfestivals
sara-stembridge	Sara Stembridge			https://www.instagram.com/srawr/			https://instagram.fvlc6-1.fna.fbcdn.net/v/t51.2885-19/335793701_255588530132562_5388996303037382475_n.jpg?stp=dst-jpg_s150x150_tt6&efg=eyJ2ZW5jb2RlX3RhZyI6InByb2ZpbGVfcGljLmRqYW5nby41MzQuYzIifQ&_nc_ht=instagram.fvlc6-1.fna.fbcdn.net&_nc_cat=106&_nc_oc=Q6cZ2gFMcOvuMMZEcpa7q3JsAhWaJkKFzkEWa6BSReKcB0x4WHAstlJGrjPdUYW971j904Y&_nc_ohc=_SVpwAsKpLUQ7kNvwFziEPP&_nc_gid=A0up9iYqBfCfYEeMBZZZCg&edm=AP4sbd4BAAAA&ccb=7-5&oh=00_Af4hGRoYcWMQcsQ_VO73AJb7n1hNLV1gCCi_ckYuIcomvA&oe=69FD421D&_nc_sid=7a9f4b	swingfestivals
scott-angelius	Scott Angelius			https://www.instagram.com/scottangelius/	https://www.youtube.com/@SA1369?app=desktop		https://instagram.fvlc6-2.fna.fbcdn.net/v/t51.2885-19/228586416_348477473403319_7277843125841597730_n.jpg?stp=dst-jpg_s150x150_tt6&efg=eyJ2ZW5jb2RlX3RhZyI6InByb2ZpbGVfcGljLmRqYW5nby4xMDgwLmMyIn0&_nc_ht=instagram.fvlc6-2.fna.fbcdn.net&_nc_cat=107&_nc_oc=Q6cZ2gGVGHJwZTI0O2dqymVgKosz_IMcAJrlsQv-KgSWcTEbiIc-hq7VpAV1Y-6-n24lJc4&_nc_ohc=9cpZm14tB_AQ7kNvwHk7Ymk&_nc_gid=SIxp9f_NYaSVQJeJma_YJg&edm=AP4sbd4BAAAA&ccb=7-5&oh=00_Af7-AKwHnwaX9h8GUtL2BLTnFjEfh7BaBKgbImxrYEEeRw&oe=69FD440E&_nc_sid=7a9f4b	swingfestivals
sedajazz-bigband	Sedajazz BigBand		https://www.facebook.com/sedajazz/?locale=ca_ES	https://www.instagram.com/sedajazz_official/			https://instagram.fvlc6-1.fna.fbcdn.net/v/t51.2885-19/151849682_1354655401565384_7098613239078763831_n.jpg?stp=dst-jpg_s150x150_tt6&efg=eyJ2ZW5jb2RlX3RhZyI6InByb2ZpbGVfcGljLmRqYW5nby41NzcuYzIifQ&_nc_ht=instagram.fvlc6-1.fna.fbcdn.net&_nc_cat=108&_nc_oc=Q6cZ2gF9UIZqckISBjf9O-GqXeRaYFvje94NgtZHpMZPdKZdTpowqbzOCVwG7IrtXlPEau8&_nc_ohc=zKAb-4daBvUQ7kNvwGxW5B1&_nc_gid=UKKjQwCnBfz9Xy5EBE6IsA&edm=APoiHPcBAAAA&ccb=7-5&oh=00_Af6b23IfJ-LAXUDFl6c7eqPa8sLEU8YYPlx--HHsvDKeVA&oe=69FD4E9C&_nc_sid=22de04	swingfestivals
shannon-butler	Shannon Butler			https://www.instagram.com/miss.shannon.butler/	https://www.youtube.com/@shannonbutler4077		https://instagram.fvlc6-2.fna.fbcdn.net/v/t51.82787-19/670006042_18570276364028883_3758145735750796983_n.jpg?stp=dst-jpg_s150x150_tt6&efg=eyJ2ZW5jb2RlX3RhZyI6InByb2ZpbGVfcGljLmRqYW5nby4xMDgwLmV4cGVyaW1lbnRhbCJ9&_nc_ht=instagram.fvlc6-2.fna.fbcdn.net&_nc_cat=103&_nc_oc=Q6cZ2gH_NX_w4QTY_UxE581uWNwc3cAyA-_sf6kc1bJV_GSdrsExCZQC1IScwDhrxesB4vM&_nc_ohc=hXh6t46lfYEQ7kNvwG5EAw-&_nc_gid=Zi3TFC_Rlc9EN_z9QGAbJA&edm=APoiHPcBAAAA&ccb=7-5&oh=00_Af4gY9xDNMS3uDHO3kmdyR13YKEZyOGFO09QcnZe5jV4Xg&oe=69FD288C&_nc_sid=22de04	swingfestivals
sharon-davis	Sharon Davis			https://www.instagram.com/sharondavisofficial/	https://www.youtube.com/channel/UCGkv8I--R37O3Fr0Wzr3CWQ/videos		https://instagram.fvlc6-1.fna.fbcdn.net/v/t51.82787-19/634818768_18557521966001102_2334693035656922012_n.jpg?stp=dst-jpg_s150x150_tt6&efg=eyJ2ZW5jb2RlX3RhZyI6InByb2ZpbGVfcGljLmRqYW5nby4xMDgwLmMyIn0&_nc_ht=instagram.fvlc6-1.fna.fbcdn.net&_nc_cat=102&_nc_oc=Q6cZ2gGoZUdf59mcHQZnB3_uM75AGa9EaXmnuImDaAvGUo98A6zO_vPZijAtPmWmW9I7MAw&_nc_ohc=iEbeWtFRkOsQ7kNvwEBtbNK&_nc_gid=7lVtX_gPMhDViQJ5a9kaOA&edm=APoiHPcBAAAA&ccb=7-5&oh=00_Af5d6xv7HVgIOrXBOAm-0tQsUKpLEbmZUPpQj3BxK2pvTg&oe=69FD461D&_nc_sid=22de04	swingfestivals
simon	Simon	https://ariandsimon.com/	https://www.facebook.com/ariandsimon/	https://www.instagram.com/ariandsimon/	https://www.youtube.com/@ariandsimon		https://ariandsimon.com/wp-content/uploads/2021/08/200308_SimonyAri_1699.jpg	swingfestivals
simon-bressanelli	Simon Bressanelli			https://www.instagram.com/simonbressanelli/			https://instagram.fvlc6-1.fna.fbcdn.net/v/t51.82787-19/621738006_18553899310043296_8555232297072279036_n.jpg?stp=dst-jpg_s150x150_tt6&efg=eyJ2ZW5jb2RlX3RhZyI6InByb2ZpbGVfcGljLmRqYW5nby4xMDgwLmMyIn0&_nc_ht=instagram.fvlc6-1.fna.fbcdn.net&_nc_cat=104&_nc_oc=Q6cZ2gGiWcDeT9wHGcxMOgJNpIKhYjkOFMOlPIU5CqVHoR653tLUB-jHl-_vvuE90FF7U2k&_nc_ohc=LqIGcGOygUIQ7kNvwFtjWrL&_nc_gid=P-TCy4ARxppbQt_mVI8eSw&edm=APoiHPcBAAAA&ccb=7-5&oh=00_Af7J0--Rhzhm3QRXXDIMpZdKZ3uBI6EcLQmoPILBexYqFg&oe=69FD244B&_nc_sid=22de04	swingfestivals
simone-graham	Simone Graham			https://www.instagram.com/lindyclub/?hl=zh-cn			https://instagram.fvlc6-1.fna.fbcdn.net/v/t51.2885-19/46005728_378372789390289_782780351159205888_n.jpg?stp=dst-jpg_s150x150_tt6&efg=eyJ2ZW5jb2RlX3RhZyI6InByb2ZpbGVfcGljLmRqYW5nby42NDAuYzIifQ&_nc_ht=instagram.fvlc6-1.fna.fbcdn.net&_nc_cat=101&_nc_oc=Q6cZ2gFzQVmXK6XD73SXyjLQEE7UWsH6vBpkf7CH7QVg_9hNJpcRNQSkSWwZivy5afUTLsA&_nc_ohc=kSj2tton0VoQ7kNvwGlMM5S&_nc_gid=du1WsKZDvTansr6FPKKB1Q&edm=AP4sbd4BAAAA&ccb=7-5&oh=00_Af5BqyACVjTa9F2VG85V12TsCu7vj0SnuQVeUP0hmnC0nA&oe=69FD59F4&_nc_sid=7a9f4b	swingfestivals
skye-humphries	Skye Humphries	https://lindy.plus/privates/skye-humphries/					https://lindy.plus/media/Skye_h.jpg	swingfestivals
smiltys-andrikonis	Smiltys Andrikonis		https://www.facebook.com/smiltysandrikonisdance/reels/	https://www.instagram.com/smii.l/			https://instagram.fvlc6-1.fna.fbcdn.net/v/t51.2885-19/402774201_1702060790317340_421239392978261491_n.jpg?stp=dst-jpg_s150x150_tt6&efg=eyJ2ZW5jb2RlX3RhZyI6InByb2ZpbGVfcGljLmRqYW5nby4xMDgwLmMyIn0&_nc_ht=instagram.fvlc6-1.fna.fbcdn.net&_nc_cat=108&_nc_oc=Q6cZ2gFKnasJZZLI4jTe1--za-6j_WULOirJj97WRz-nc25M187QCj_orBSHSTHUqcIHR7E&_nc_ohc=OLBi6rdhiUIQ7kNvwHWhraB&_nc_gid=BbcgXn9Nbl1cTnIR5dRugw&edm=APoiHPcBAAAA&ccb=7-5&oh=00_Af6WWV7HjujGfCOOluYoWUBZZel6ng1b6WfbeLSuvLLRfQ&oe=69FD32CD&_nc_sid=22de04	swingfestivals
sondre	Sondre	https://sondreandtanya.com/	https://www.facebook.com/sondreandtanya/	https://www.instagram.com/sondretanya/	https://www.youtube.com/@sondretanya		https://instagram.fvlc6-2.fna.fbcdn.net/v/t51.82787-19/575733020_18119356855528711_4397479285181893635_n.jpg?stp=dst-jpg_s150x150_tt6&efg=eyJ2ZW5jb2RlX3RhZyI6InByb2ZpbGVfcGljLmRqYW5nby4xMDgwLmMyIn0&_nc_ht=instagram.fvlc6-2.fna.fbcdn.net&_nc_cat=107&_nc_oc=Q6cZ2gEfSg_mJXVtXaT7nV9PC5oOJ5qlhvNATUdWdfOCcuhx5N2qOI0MmESLsQ3Ozf8w39Q&_nc_ohc=zU-qbwDFIgkQ7kNvwG81xjo&_nc_gid=gnQZMIwf-1teMaY1qZWQQQ&edm=APoiHPcBAAAA&ccb=7-5&oh=00_Af5swYfbXxbp-ni4cVLdzDwZv2WDDctNSfmhBcxWmtxE7A&oe=69FD3E4E&_nc_sid=22de04	swingfestivals
Sonia-ortega	Sonia Ortega			https://www.instagram.com/jazzhectorandsonia/		https://spainswingdance.com/guia-del-swing/sonia-hector/	https://instagram.fvlc6-2.fna.fbcdn.net/v/t51.82787-19/575214109_18537029899050147_8895571418164611015_n.jpg?stp=dst-jpg_s150x150_tt6&efg=eyJ2ZW5jb2RlX3RhZyI6InByb2ZpbGVfcGljLmRqYW5nby4xMDgwLmMyIn0&_nc_ht=instagram.fvlc6-2.fna.fbcdn.net&_nc_cat=103&_nc_oc=Q6cZ2gE4KsaL9lrBSA1A0pDRyfAbgHFPCIYSCs8TPcq3uMgu_3isLBbU4B6HvVwDChG1i90&_nc_ohc=vLTJzh-_qygQ7kNvwHq8BsY&_nc_gid=ictWU-pCXL3hnHNEFIWWIg&edm=APoiHPcBAAAA&ccb=7-5&oh=00_Af6AvROqrqw7YcA5EcvS45kVe56ltXHkidnXpYJkJF7uhA&oe=69FCE8D6&_nc_sid=22de04	swingfestivals
sylvain-guiheneuc	Sylvain Guiheneuc			https://www.instagram.com/sylvainguih/			https://instagram.fvlc6-2.fna.fbcdn.net/v/t51.2885-19/299438793_2075280362659618_2846242715775436191_n.jpg?stp=dst-jpg_s150x150_tt6&efg=eyJ2ZW5jb2RlX3RhZyI6InByb2ZpbGVfcGljLmRqYW5nby4xMDgwLmMyIn0&_nc_ht=instagram.fvlc6-2.fna.fbcdn.net&_nc_cat=110&_nc_oc=Q6cZ2gFp3x2_aFLgD9B9WQFGMZR16bGY8HbT3PXdv8KukUTas8ruY55trbqWDG0OZtcdbf4&_nc_ohc=C3242OsGzxoQ7kNvwFIhNR2&_nc_gid=nmI0nnLZZosAFUXbqGGMUg&edm=APoiHPcBAAAA&ccb=7-5&oh=00_Af5DCMVba9Im1d0sZyaEYUGXxDtejd0KkAb171hKiMKgxA&oe=69FD56EC&_nc_sid=22de04	swingfestivals
tabitha-robinson	Tabitha Robinson			https://www.instagram.com/josephtabitha0723/			https://instagram.fvlc6-2.fna.fbcdn.net/v/t51.82787-19/581699089_18348481585200312_4495861302787419112_n.jpg?stp=dst-jpg_s150x150_tt6&efg=eyJ2ZW5jb2RlX3RhZyI6InByb2ZpbGVfcGljLmRqYW5nby4xMDgwLmMyIn0&_nc_ht=instagram.fvlc6-2.fna.fbcdn.net&_nc_cat=100&_nc_oc=Q6cZ2gEq45jwl617jmiw5xDP7lPSMlSxlRk04pmpWlY7zdHPLo07kO9_IY7H5QVhQFEztp0&_nc_ohc=KzTIBzXk1ccQ7kNvwE-u27D&_nc_gid=9qkqn65rAmG8lGcQE7PbJA&edm=APoiHPcBAAAA&ccb=7-5&oh=00_Af6l6etYhGb7QtCfpVlXeEcf0JbLNpSeyy096HtB2Z2o9w&oe=69FD4C5C&_nc_sid=22de04	swingfestivals
tamara-lobato-nieto	Tamara Lobato Nieto	https://www.tusclasesparticulares.com/profesores/tamara-lobato-nieto.htm		https://www.instagram.com/tamaraalobato/			https://instagram.fvlc6-2.fna.fbcdn.net/v/t51.2885-19/491415043_564497759450343_6865050344345968845_n.jpg?stp=dst-jpg_s150x150_tt6&efg=eyJ2ZW5jb2RlX3RhZyI6InByb2ZpbGVfcGljLmRqYW5nby4xMDgwLmMyIn0&_nc_ht=instagram.fvlc6-2.fna.fbcdn.net&_nc_cat=103&_nc_oc=Q6cZ2gGag6n7HURZDMIIvAzD84FK0u1HPwJSgts4n4hSd6oo-eWUy6YIwjNQLXki0j3xEMI&_nc_ohc=FkmAYhA23NUQ7kNvwEBlCN2&_nc_gid=EVYmMDdOsuxhoAxSWnOTmQ&edm=APoiHPcBAAAA&ccb=7-5&oh=00_Af6IMTR-SVzb7XoTKgKoBUvdqqnezuwoYvQxKXLDU3rB7A&oe=69FD32C6&_nc_sid=22de04	swingfestivals
tanya	Tanya	https://sondreandtanya.com/	https://www.facebook.com/sondreandtanya/	https://www.instagram.com/sondretanya/	https://www.youtube.com/@sondretanya		https://instagram.fvlc6-2.fna.fbcdn.net/v/t51.82787-19/575733020_18119356855528711_4397479285181893635_n.jpg?stp=dst-jpg_s150x150_tt6&efg=eyJ2ZW5jb2RlX3RhZyI6InByb2ZpbGVfcGljLmRqYW5nby4xMDgwLmMyIn0&_nc_ht=instagram.fvlc6-2.fna.fbcdn.net&_nc_cat=107&_nc_oc=Q6cZ2gEfSg_mJXVtXaT7nV9PC5oOJ5qlhvNATUdWdfOCcuhx5N2qOI0MmESLsQ3Ozf8w39Q&_nc_ohc=zU-qbwDFIgkQ7kNvwG81xjo&_nc_gid=gnQZMIwf-1teMaY1qZWQQQ&edm=APoiHPcBAAAA&ccb=7-5&oh=00_Af5swYfbXxbp-ni4cVLdzDwZv2WDDctNSfmhBcxWmtxE7A&oe=69FD3E4E&_nc_sid=22de04	swingfestivals
thanh-thanh-nguyen	Thanh Thanh Nguyen			https://www.instagram.com/thanhthanhhops/			https://instagram.fvlc6-2.fna.fbcdn.net/v/t51.82787-19/639905215_18567533038007167_83437580594773774_n.jpg?stp=dst-jpg_s150x150_tt6&efg=eyJ2ZW5jb2RlX3RhZyI6InByb2ZpbGVfcGljLmRqYW5nby45NTguYzIifQ&_nc_ht=instagram.fvlc6-2.fna.fbcdn.net&_nc_cat=107&_nc_oc=Q6cZ2gF64V55_eVa2pt5NNGLDNqBCcQkVHfY-m6YGcOPhoddhj9WcDV85pyh8zWMUO5dVd0&_nc_ohc=JQggFjAVmNIQ7kNvwHV0p0L&_nc_gid=PL7e3_PiGcyspSP2m4AjVg&edm=APoiHPcBAAAA&ccb=7-5&oh=00_Af5eIl4w5xpmB24lLYrirv7DfS4kHPbmdTdAcCBGXxMWUA&oe=69FD4FDC&_nc_sid=22de04	swingfestivals
thanos-matrapazis	Thanos Matrapazis			https://www.instagram.com/thanosmatrap/	https://www.youtube.com/@thanosandnikoleta1459		https://instagram.fvlc6-2.fna.fbcdn.net/v/t51.2885-19/449699504_2847174572086872_4440322687918888542_n.jpg?stp=dst-jpg_s150x150_tt6&efg=eyJ2ZW5jb2RlX3RhZyI6InByb2ZpbGVfcGljLmRqYW5nby4xMDU3LmMyIn0&_nc_ht=instagram.fvlc6-2.fna.fbcdn.net&_nc_cat=100&_nc_oc=Q6cZ2gHMCVBbkpKyzeOETXVHsvX0Et4vw9Nfsuvj9n0AN5BLp9MHYkJP5NuBzEQcFZHnRv4&_nc_ohc=4FnTKfyvtOsQ7kNvwE8G00z&_nc_gid=A7yQ4Q8FjuLFulikJT1cWw&edm=APoiHPcBAAAA&ccb=7-5&oh=00_Af6V7c74WKu-lqvMZnx8xiC-4du9oEeH5DyB99Pm1jFPkg&oe=69FD4481&_nc_sid=22de04	swingfestivals
the-hornsgatan-ramblers	The Hornsgatan Ramblers		https://www.facebook.com/HornsgatanRamblers/	https://www.instagram.com/hornsgatanramblers/			https://instagram.fvlc6-1.fna.fbcdn.net/v/t51.2885-19/422448213_1409470756323650_2592460043152943491_n.jpg?stp=dst-jpg_s150x150_tt6&efg=eyJ2ZW5jb2RlX3RhZyI6InByb2ZpbGVfcGljLmRqYW5nby4xMDgwLmMyIn0&_nc_ht=instagram.fvlc6-1.fna.fbcdn.net&_nc_cat=102&_nc_oc=Q6cZ2gFc_fOBfwyxCo5zO4TM_dOUJ0a-y-Dl9ShOtBnu9vxa4f054-JZubjGK8701JQqkTc&_nc_ohc=_Yx_MB4rjfsQ7kNvwFn_SRT&_nc_gid=Hh-Wi1E4R_OAHR5EVB4ZcQ&edm=AP4sbd4BAAAA&ccb=7-5&oh=00_Af60raam42Souf5kzn3npxY2oNgF_LOocgauM6XLV3pOKw&oe=69FD2CE3&_nc_sid=7a9f4b	swingfestivals
thorbjorn	Thorbjorn			https://www.instagram.com/thorbjorn.flora/	youtu.be/XYrwHD124ss?si=dJlEJRz9dFIEPze7		https://instagram.fvlc6-1.fna.fbcdn.net/v/t51.2885-19/331875075_583895250285152_6013408245725075816_n.jpg?stp=dst-jpg_s150x150_tt6&efg=eyJ2ZW5jb2RlX3RhZyI6InByb2ZpbGVfcGljLmRqYW5nby44MDEuYzIifQ&_nc_ht=instagram.fvlc6-1.fna.fbcdn.net&_nc_cat=108&_nc_oc=Q6cZ2gGq2pQCUPpMpWHCNF7iR7b5ohXtmpGs4mFCDGQDYkj7-C4fE5GZ3AVhacqu-6EUfrQ&_nc_ohc=CXMVFAiLGx0Q7kNvwHFSX9M&_nc_gid=IByRJejloc60SfvfFxrfVQ&edm=APoiHPcBAAAA&ccb=7-5&oh=00_Af4B_7-TVYTRTk3v9w75Hidim2CuE66mufkwBHM2lcnf5w&oe=69FBEDB5&_nc_sid=22de04	swingfestivals
tim-christopher	Tim Christopher			https://www.instagram.com/i.am.timchristopher/			https://instagram.fvlc6-2.fna.fbcdn.net/v/t51.2885-19/500287230_18506262229050262_2825524303617111856_n.jpg?stp=dst-jpg_s150x150_tt6&efg=eyJ2ZW5jb2RlX3RhZyI6InByb2ZpbGVfcGljLmRqYW5nby4xMDgwLmMyIn0&_nc_ht=instagram.fvlc6-2.fna.fbcdn.net&_nc_cat=110&_nc_oc=Q6cZ2gGGRKyNgX1QipmEXAyKr6bmXDSzWDvX-cAZWpl1VGXJwr2NrQ2eHLb4okdjGhBLf3E&_nc_ohc=9nn-5evJb68Q7kNvwH3Cwej&_nc_gid=2OTe1wcGrTM56DC9_tonbQ&edm=APoiHPcBAAAA&ccb=7-5&oh=00_Af7aVKGmXy4QRvhlKVxwOZ9-5T2juD65fClbw8Wo-7ffVQ&oe=69FD2669&_nc_sid=22de04	swingfestivals
trisha-sewell	Trisha Sewell	https://www.trishasewell.com/		https://www.instagram.com/brownsugamamma/			https://instagram.fvlc6-2.fna.fbcdn.net/v/t51.82787-19/618506061_18551048185020759_6821469388805194703_n.jpg?stp=dst-jpg_s150x150_tt6&efg=eyJ2ZW5jb2RlX3RhZyI6InByb2ZpbGVfcGljLmRqYW5nby44MDAuYzIifQ&_nc_ht=instagram.fvlc6-2.fna.fbcdn.net&_nc_cat=103&_nc_oc=Q6cZ2gGumOqmLs2ZXty2XiXFrUVMAA8JuNtbBTG3KFSvz0WGuNxCysCBwxNohoUnjErgIoo&_nc_ohc=SQDECc_sqW4Q7kNvwGb9Fen&_nc_gid=d3kR_BzNwy6bPWLQZ-pOdg&edm=AP4sbd4BAAAA&ccb=7-5&oh=00_Af7EDUABwrMVze1KAPLJ1Dl5liAAR-Dcz6WpXrFH-yf9KQ&oe=69FD2B5E&_nc_sid=7a9f4b	swingfestivals
vanessa-koneke	Vanessa Köneke	https://vanessakoeneke.de/		https://www.instagram.com/vanessakoeneke/			https://instagram.fvlc6-1.fna.fbcdn.net/v/t51.82787-19/574022910_18375453430194133_2597913159780189852_n.jpg?stp=dst-jpg_s150x150_tt6&efg=eyJ2ZW5jb2RlX3RhZyI6InByb2ZpbGVfcGljLmRqYW5nby45NjAuYzIifQ&_nc_ht=instagram.fvlc6-1.fna.fbcdn.net&_nc_cat=101&_nc_oc=Q6cZ2gELmaUMWyIAK-K6IqKxHnlWEopaj7QQNXLvd-IIORXg_ChQVn10mp0R5snrsfbd7q8&_nc_ohc=iSsIk0Q5KTcQ7kNvwHxmSj3&_nc_gid=S2JbASw0aUZeeqSx0qO7wQ&edm=ALGbJPMBAAAA&ccb=7-5&oh=00_Af68jk725CBy8Hh8LhIkCFv5DqvVYI45hl_RZ6Ns72ZZkg&oe=69FD5B59&_nc_sid=7d3ac5	swingfestivals
vassiliki	Vassiliki			https://www.instagram.com/supercalifragilistic.docious/			https://instagram.fvlc6-1.fna.fbcdn.net/v/t51.2885-19/447543718_943331724195758_6125401631977151148_n.jpg?stp=dst-jpg_s150x150_tt6&efg=eyJ2ZW5jb2RlX3RhZyI6InByb2ZpbGVfcGljLmRqYW5nby4xMDgwLmMyIn0&_nc_ht=instagram.fvlc6-1.fna.fbcdn.net&_nc_cat=102&_nc_oc=Q6cZ2gFyyjcYQFymC25Tay4QP9TQBeLb3JPItzSFTdIhCYFEcVzT0RJPYtMPblBqtLMxgmY&_nc_ohc=Iem4dk1rJEoQ7kNvwHJ76C5&_nc_gid=jhpizYVkVwtFUSjrerFiDA&edm=APoiHPcBAAAA&ccb=7-5&oh=00_Af4q59nJ2DGzQ_le-nTtX7bVex4i8fmQq_-KP639_p7c6A&oe=69FD5EE4&_nc_sid=22de04	swingfestivals
veli-velkova	Velislava Papazova Velkova			https://www.instagram.com/velislavapapazova/			https://instagram.fvlc6-1.fna.fbcdn.net/v/t51.2885-19/478312634_625900620151049_2742260140695871455_n.jpg?stp=dst-jpg_s150x150_tt6&efg=eyJ2ZW5jb2RlX3RhZyI6InByb2ZpbGVfcGljLmRqYW5nby43NjkuYzIifQ&_nc_ht=instagram.fvlc6-1.fna.fbcdn.net&_nc_cat=105&_nc_oc=Q6cZ2gFPqXxrFJIlznTefrV0XVSCTNm9hZl2b7zDcVHzwsxGi5amo0vpfIA9CVE-_O5uAbc&_nc_ohc=iLi_YTwFQAsQ7kNvwE7tMFp&_nc_gid=r7EWVCdHa8zzZDzC-bmgCw&edm=APoiHPcBAAAA&ccb=7-5&oh=00_Af4f8_VY1y8X6TFP7ulV3J6PaMO8YKUs8qxv-jrS-450hQ&oe=69FD5C13&_nc_sid=22de04	swingfestivals
viktor	Viktor			https://www.instagram.com/viktorandwilma/			https://instagram.fvlc6-2.fna.fbcdn.net/v/t51.2885-19/314345759_3346036165634475_2095408018589383910_n.jpg?stp=dst-jpg_s150x150_tt6&efg=eyJ2ZW5jb2RlX3RhZyI6InByb2ZpbGVfcGljLmRqYW5nby4xMDgwLmMyIn0&_nc_ht=instagram.fvlc6-2.fna.fbcdn.net&_nc_cat=103&_nc_oc=Q6cZ2gFwkXt9wuMomqdn_AJrpkKs9tzirA0Bg85u7n_sB3QELxdAeijfEgS-ZhnuIiU99i8&_nc_ohc=YA1Zy3dZqtkQ7kNvwHL3l1t&_nc_gid=ePHuitUrI2iJobeNIXcuzw&edm=APoiHPcBAAAA&ccb=7-5&oh=00_Af4VAuZWwUqS8eqHe9nF5anHFvvoT-rzBotnSxcJQg_zAg&oe=69FD4CA4&_nc_sid=22de04	swingfestivals
vincenzo-fessi	Vincenzo Fessi			https://www.instagram.com/vincenzofesi/			https://instagram.fvlc6-1.fna.fbcdn.net/v/t51.82787-19/532994173_18413976094128841_6923731599530785951_n.jpg?stp=dst-jpg_s150x150_tt6&efg=eyJ2ZW5jb2RlX3RhZyI6InByb2ZpbGVfcGljLmRqYW5nby4xMDgwLmMyIn0&_nc_ht=instagram.fvlc6-1.fna.fbcdn.net&_nc_cat=101&_nc_oc=Q6cZ2gEAy9JVlnV7TibpsZrKXlEZYAZ_iHWg3jode4nm7h7QfxuWDXkE8RPmsFYpF0VV7a4&_nc_ohc=RLi0YbBf51sQ7kNvwES8Ie-&_nc_gid=8qu4cJKl8H2MSF8lPu_-KA&edm=AP4sbd4BAAAA&ccb=7-5&oh=00_Af7DicH9IkR8XKRCNRW6n57M9677B47oWa315Go7-ox1Rw&oe=69FD55E6&_nc_sid=7a9f4b	swingfestivals
wilma	Wilma			https://www.instagram.com/viktorandwilma/			https://instagram.fvlc6-2.fna.fbcdn.net/v/t51.2885-19/314345759_3346036165634475_2095408018589383910_n.jpg?stp=dst-jpg_s150x150_tt6&efg=eyJ2ZW5jb2RlX3RhZyI6InByb2ZpbGVfcGljLmRqYW5nby4xMDgwLmMyIn0&_nc_ht=instagram.fvlc6-2.fna.fbcdn.net&_nc_cat=103&_nc_oc=Q6cZ2gFwkXt9wuMomqdn_AJrpkKs9tzirA0Bg85u7n_sB3QELxdAeijfEgS-ZhnuIiU99i8&_nc_ohc=YA1Zy3dZqtkQ7kNvwHL3l1t&_nc_gid=ePHuitUrI2iJobeNIXcuzw&edm=APoiHPcBAAAA&ccb=7-5&oh=00_Af4VAuZWwUqS8eqHe9nF5anHFvvoT-rzBotnSxcJQg_zAg&oe=69FD4CA4&_nc_sid=22de04	swingfestivals
zach-lockett-streiff	Zach Lockett-Streiff			https://www.instagram.com/a.to.z.shag/			https://instagram.fvlc6-1.fna.fbcdn.net/v/t51.2885-19/43985150_714828305582420_1680071136089473024_n.jpg?stp=dst-jpg_s150x150_tt6&efg=eyJ2ZW5jb2RlX3RhZyI6InByb2ZpbGVfcGljLmRqYW5nby42NDAuYzIifQ&_nc_ht=instagram.fvlc6-1.fna.fbcdn.net&_nc_cat=108&_nc_oc=Q6cZ2gHR70o_rOwhRqj0ZLbPyodg-tbC53INYfI_lOW6RmL2MCCeFUJnA1Jnoqq5GEeAW2k&_nc_ohc=49nld0_yIlwQ7kNvwE39bAC&_nc_gid=c6RpjESXKPoLu6cq7N6PwQ&edm=APoiHPcBAAAA&ccb=7-5&oh=00_Af7F3DQKgc1iYH2ahCMhGsldP4Np_FYEQlKVwJ-wfPryMA&oe=69FD400A&_nc_sid=22de04	swingfestivals
zoe-bizou	Zoe Bizou			https://www.instagram.com/zoebizoe/	https://www.youtube.com/@zoebizoe1513		https://instagram.fvlc6-2.fna.fbcdn.net/v/t51.2885-19/11849986_1482778475366604_770558414_a.jpg?stp=dst-jpg_s150x150_tt6&efg=eyJ2ZW5jb2RlX3RhZyI6InByb2ZpbGVfcGljLmRqYW5nby4xNTAuYzIifQ&_nc_ht=instagram.fvlc6-2.fna.fbcdn.net&_nc_cat=100&_nc_oc=Q6cZ2gEKgzZhzad-IZrOHkeKHUF7LGZtHLyOeHW5L1bbffSh8YTKgk76HER5AMDCaRUXS0w&_nc_ohc=1sVIqckClhoQ7kNvwGWAA_V&_nc_gid=DFIrzm9ofhhsB98lfGrtig&edm=APoiHPcBAAAA&ccb=7-5&oh=00_Af43427_QZr2ASpv23Dhc6IhpXwuS2J_McKpPSNQWWHWfw&oe=69FD2CCC&_nc_sid=22de04	swingfestivals
zoriana	Zoriana		https://www.facebook.com/zoriana.dd/				https://scontent.fvlc6-2.fna.fbcdn.net/v/t39.30808-1/314998282_5449750515150555_1423594538632271289_n.jpg?stp=dst-jpg_s480x480_tt6&_nc_cat=103&ccb=1-7&_nc_sid=1d2534&_nc_ohc=VMjBSEtbrTsQ7kNvwEamosX&_nc_oc=AdpUlEb87svOVvDqFQQTNS4bNCOs6fYQMtdJbiIzVisL8DviRMFppZJQhV91amFnweg&_nc_zt=24&_nc_ht=scontent.fvlc6-2.fna&_nc_gid=nsw8BWBxKTbzSx7wlla_vw&_nc_ss=7b2a8&oh=00_Af7eyS74vnExMg5VoRCmoVTySbXe2HK7qcll7lTS_UB9fg&oe=69FD479E	swingfestivals
lucia-galiana	Lucía Galiana	https://javiandlucia.com/	https://www.facebook.com/javiandlucia/	https://www.instagram.com/lucia_and_javi/			https://instagram.fvlc6-1.fna.fbcdn.net/v/t51.2885-19/405765222_288809254151065_8815566538218274886_n.jpg?stp=dst-jpg_s150x150_tt6&efg=eyJ2ZW5jb2RlX3RhZyI6InByb2ZpbGVfcGljLmRqYW5nby4xMDY3LmMyIn0&_nc_ht=instagram.fvlc6-1.fna.fbcdn.net&_nc_cat=101&_nc_oc=Q6cZ2gEqIKF7YuiCezIQzSr_9xOo72hf49FvlwL5xMD-b3CgH7GAioOUKe0myQL6zcS0NOQ&_nc_ohc=73T70vi6nJcQ7kNvwFxDPGM&_nc_gid=UcfErlMeSXLd9eLLS3jZKg&edm=APoiHPcBAAAA&ccb=7-5&oh=00_Af6lBdH1dlF2dYLf0p9Mw4GIQzvaGrwGpbghmVLOyV4xcQ&oe=69FD5278&_nc_sid=22de04	swingfestivals
javi-zurdo	Javi Zurdo	https://javiandlucia.com/	https://www.facebook.com/javiandlucia/	https://www.instagram.com/lucia_and_javi/			https://instagram.fvlc6-1.fna.fbcdn.net/v/t51.2885-19/405765222_288809254151065_8815566538218274886_n.jpg?stp=dst-jpg_s150x150_tt6&efg=eyJ2ZW5jb2RlX3RhZyI6InByb2ZpbGVfcGljLmRqYW5nby4xMDY3LmMyIn0&_nc_ht=instagram.fvlc6-1.fna.fbcdn.net&_nc_cat=101&_nc_oc=Q6cZ2gEqIKF7YuiCezIQzSr_9xOo72hf49FvlwL5xMD-b3CgH7GAioOUKe0myQL6zcS0NOQ&_nc_ohc=73T70vi6nJcQ7kNvwFxDPGM&_nc_gid=UcfErlMeSXLd9eLLS3jZKg&edm=APoiHPcBAAAA&ccb=7-5&oh=00_Af6lBdH1dlF2dYLf0p9Mw4GIQzvaGrwGpbghmVLOyV4xcQ&oe=69FD5278&_nc_sid=22de04	swingfestivals
Paloma-garcia	Paloma García	https://www.instagram.com/palo.y.yorx/		https://www.instagram.com/palo.y.yorx/			https://instagram.fvlc6-2.fna.fbcdn.net/v/t51.2885-19/437934801_2444479829071379_1860142626331461110_n.jpg?stp=dst-jpg_s150x150_tt6&efg=eyJ2ZW5jb2RlX3RhZyI6InByb2ZpbGVfcGljLmRqYW5nby4xMDgwLmMyIn0&_nc_ht=instagram.fvlc6-2.fna.fbcdn.net&_nc_cat=111&_nc_oc=Q6cZ2gGZD0LDwxNxDlX0s1y7t-5o7SgP4m8USWA2mjQjtNVxfIfVREtk_4p94raif56gmdI&_nc_ohc=QvT7evvNao8Q7kNvwHjkWjs&_nc_gid=joMhVM0zBebxfUPydCxJjg&edm=AHzjunoBAAAA&ccb=7-5&oh=00_Af69L3IVUdJRyvPA8sgEY0rbnUAjjIOfD-6bPAOM9Vy_1g&oe=69FD50E4&_nc_sid=ba8368	swingfestivals
jorge-andujar	Jorge Andújar	https://www.instagram.com/palo.y.yorx/		https://www.instagram.com/palo.y.yorx/			https://instagram.fvlc6-2.fna.fbcdn.net/v/t51.2885-19/437934801_2444479829071379_1860142626331461110_n.jpg?stp=dst-jpg_s150x150_tt6&efg=eyJ2ZW5jb2RlX3RhZyI6InByb2ZpbGVfcGljLmRqYW5nby4xMDgwLmMyIn0&_nc_ht=instagram.fvlc6-2.fna.fbcdn.net&_nc_cat=111&_nc_oc=Q6cZ2gGZD0LDwxNxDlX0s1y7t-5o7SgP4m8USWA2mjQjtNVxfIfVREtk_4p94raif56gmdI&_nc_ohc=QvT7evvNao8Q7kNvwHjkWjs&_nc_gid=joMhVM0zBebxfUPydCxJjg&edm=AHzjunoBAAAA&ccb=7-5&oh=00_Af69L3IVUdJRyvPA8sgEY0rbnUAjjIOfD-6bPAOM9Vy_1g&oe=69FD50E4&_nc_sid=ba8368	swingfestivals
